year,month,day,hour,minute,lat1,lat2,lat3,lon1,lon2,lon3,wp1,wp2,wp3,size1,size2,size3,d1,d2,d3,mask1,mask2,mask3
2020,9,5,12,0,8.69,8.426306005111206,8.20823616405416,-23.45,-9.57446583066622,-10.283389774782904,130.40782601237922,0.0,0.0,2810.172383716482,0,0,934.2979469774938,1108.0135872926194,1065.8083474913637,1,0,0
2020,9,5,12,0,8.69,19.804052843312462,7.089000823793409,-22.95,-25.73216276105757,-26.67067284365542,130.40782601237922,0.0,0.0,2810.172383716482,0,0,897.2336630151309,1043.737220628363,1314.2936880596772,1,0,0
2020,9,5,12,0,8.69,12.015638491970865,19.346570775937295,-22.45,-8.604381128967162,-8.55059829912837,130.40782601237922,0.0,0.0,2810.172383716482,0,0,862.0117901665301,1004.6478123283342,1078.4501981784729,1,0,0
2020,9,5,12,0,8.69,20.67345884703373,19.332257028860887,-21.95,-24.60363289849903,-8.77980275892191,130.40782601237922,0.0,0.0,2810.172383716482,0,0,828.8673543218922,1004.7039368186348,1056.3728051419992,1,0,0
2020,9,5,12,0,8.69,7.103943098451907,6.4576410533702076,-21.45,-24.71325228076807,-8.685264696161859,130.40782601237922,0.0,0.0,2810.172383716482,0,0,798.0593445993898,1158.1687376597135,1327.7961220057775,1,0,0
2020,9,5,12,0,8.69,22.935827477906194,5.982779631355091,-20.95,-22.89901071782634,-25.68683209405435,130.40782601237922,0.0,0.0,2810.172383716482,0,0,769.8684071282926,1077.6077981630485,1322.761270447945,1,0,0
2020,9,5,12,0,8.69,19.338839756937436,7.771137003021381,-20.45,-8.361085534641177,-25.948965447262857,130.40782601237922,0.0,0.0,2810.172383716482,0,0,744.5919494623486,1095.8013739209844,1204.4937525888622,1,0,0
2020,9,5,12,0,8.69,22.60474650384854,20.542953897686644,-19.95,-10.210084886238246,-9.0446649332448,130.40782601237922,0.0,0.0,2810.172383716482,0,0,722.5359916402764,1163.0114707500545,1102.467717129723,1,0,0
2020,9,5,12,0,8.69,20.93450920790177,5.965559782585252,-19.45,-10.424125744116942,-8.155316305254924,130.40782601237922,0.0,0.0,2810.172383716482,0,0,704.0033597602517,1016.45120151957,1407.932719189292,1,0,0
2020,9,5,12,0,8.69,5.899746833528329,8.548992556245624,-18.95,-12.710816362754446,-24.483294593322135,130.40782601237922,0.0,0.0,2810.172383716482,0,0,689.2783680830196,1109.6872671395301,1026.396726250397,1,0,0
2020,9,5,12,0,8.69,23.452856290123876,20.52812853834594,-18.45,-10.606850330571188,-10.05297096834261,130.40782601237922,0.0,0.0,2810.172383716482,0,0,678.6089731548137,1209.1315357334224,1016.9920854082986,1,0,0
2020,9,5,12,0,8.69,21.885650308817993,7.998235661260756,-17.95,-25.629735966626157,-23.848027694306246,130.40782601237922,0.0,0.0,2810.172383716482,0,0,672.1883559215837,1173.252391406754,1020.4254819671394,1,0,0
2020,9,5,12,0,8.69,6.8447101270325925,7.216552557897113,-17.45,-23.895438840958526,-24.89219488456838,130.40782601237922,0.0,0.0,2810.172383716482,0,0,670.1386709102137,1121.731753172559,1162.4689734886347,1,0,0
2020,9,5,12,0,8.69,21.36594090464248,7.321254703748766,-16.95,-11.025137802836833,-26.09328893964943,130.40782601237922,0.0,0.0,2810.172383716482,0,0,672.4998917225824,1004.9380340928014,1249.443981899975,1,0,0
2020,9,5,12,0,8.69,22.613360754023212,6.98637257976071,-16.45,-26.655321647598647,-24.030096671987874,130.40782601237922,0.0,0.0,2810.172383716482,0,0,679.2260111221241,1305.9922844778723,1118.7383307042603,1,0,0
2020,9,5,12,0,8.69,5.6919292360395835,5.711744462045162,-15.95,-14.774403008551632,-24.374421130393124,130.40782601237922,0.0,0.0,2810.172383716482,0,0,690.1894080684335,1045.801117136508,1254.018193348566,1,0,0
2020,9,5,12,0,8.69,7.76740109669228,22.130363492202385,-15.45,-25.89415339582227,-25.15650859165054,130.40782601237922,0.0,0.0,2810.172383716482,0,0,705.192449940621,1200.187678061039,1155.9405103615497,1,0,0
2020,9,5,12,0,8.69,7.067984585076311,22.81817115046364,-14.95,-9.682691577957147,-22.2153874484776,130.40782601237922,0.0,0.0,2810.172383716482,0,0,723.9839952796842,1201.959157596313,1029.9505345145917,1,0,0
2020,9,5,12,0,8.69,23.379336338450955,9.222132445080943,-14.45,-20.0897724094308,-8.181173367972736,130.40782601237922,0.0,0.0,2810.172383716482,0,0,746.2778544885025,1001.7958826185518,1180.136720113466,1,0,0
2020,9,5,12,0,8.69,21.858505691117486,22.284107824688384,-13.95,-10.762568751998488,-26.468999746720275,130.40782601237922,0.0,0.0,2810.172383716482,0,0,771.7705098916183,1063.4287847413796,1267.6948292517097,1,0,0
2020,9,5,12,0,8.69,19.76636947486562,21.94198174812894,-13.45,-9.324652821054148,-8.723503446608415,130.40782601237922,0.0,0.0,2810.172383716482,0,0,800.1562063902493,1030.720434281912,1222.9890119380186,1,0,0
2020,9,5,12,0,8.69,18.825754267605294,6.970379076159182,-12.95,-26.119090920235248,-10.26269117879837,130.40782601237922,0.0,0.0,2810.172383716482,0,0,831.1384957161777,1027.8835022285807,1166.18376878328,1,0,0
2020,9,5,12,0,8.69,23.637271441056797,5.7908174308765705,-12.45,-16.166517829782208,-22.216479339986105,130.40782601237922,0.0,0.0,2810.172383716482,0,0,864.4381373661174,1001.2681133639597,1120.028852853277,1,0,0
2020,9,5,12,0,8.69,7.384009578399234,6.612326733089953,-11.95,-22.813491996892864,-10.251793880091423,130.40782601237922,0.0,0.0,2810.172383716482,0,0,899.7977876575892,1002.3168963156971,1196.941478430165,1,0,0
2020,9,5,12,0,8.69,7.610214849927509,6.185790523825667,-11.45,-9.254542914756382,-26.37907343205062,130.40782601237922,0.0,0.0,2810.172383716482,0,0,936.9841500402073,1194.151668939328,1359.191923774518,1,0,0
2020,9,5,12,0,9.19,22.568400474860795,21.407966359754084,-23.45,-25.351617133196193,-24.282225950159766,130.40782601237922,0.0,0.0,2810.172383716482,0,0,894.8640825978598,1204.4429799340303,1035.2445131525956,1,0,0
2020,9,5,12,0,9.19,21.481019710014642,18.515724131311543,-22.95,-23.892678159569293,-26.10265095362843,130.40782601237922,0.0,0.0,2810.172383716482,0,0,856.1603431063729,1012.9847835267553,1012.1534067331728,1,0,0
2020,9,5,12,0,9.19,9.028519563106688,6.02122249140145,-22.45,-9.227062645012968,-12.70011996996969,130.40782601237922,0.0,0.0,2810.172383716482,0,0,819.2374042388923,1096.9668669865318,1098.2850277228242,1,0,0
2020,9,5,12,0,9.19,19.390017109770426,22.311770478523556,-21.95,-8.154735776019525,-11.626088838585478,130.40782601237922,0.0,0.0,2810.172383716482,0,0,784.3469287134877,1117.7198308951058,1044.9135705940294,1,0,0
2020,9,5,12,0,9.19,21.98677253378076,21.218309721935093,-21.45,-10.655907045574189,-24.92686655046097,130.40782601237922,0.0,0.0,2810.172383716482,0,0,751.7720783458245,1081.3693839541297,1069.6591104434126,1,0,0
2020,9,5,12,0,9.19,12.123882616508439,6.230156285160067,-20.95,-8.35732918192862,-8.379586271204037,130.40782601237922,0.0,0.0,2810.172383716482,0,0,721.8265366023161,1026.5266294264313,1369.634032814177,1,0,0
2020,9,5,12,0,9.19,21.90099759117132,21.222575008120636,-20.45,-10.73640226511704,-10.741217426991522,130.40782601237922,0.0,0.0,2810.172383716482,0,0,694.850432365402,1068.7302116787564,1014.2735095895927,1,0,0
2020,9,5,12,0,9.19,8.266000744735724,6.3758270419405285,-19.95,-9.605013870852005,-10.236361823337344,130.40782601237922,0.0,0.0,2810.172383716482,0,0,671.2019865784956,1116.969454970422,1218.1260589639294,1,0,0
2020,9,5,12,0,9.19,8.093356358464922,13.555930156265504,-19.45,-26.61370837561612,-26.689989382587328,130.40782601237922,0.0,0.0,2810.172383716482,0,0,651.243890943326,1238.91304853192,1002.6768600940968,1,0,0
2020,9,5,12,0,9.19,23.51305843369021,21.668759583721105,-18.95,-19.49496792654712,-10.787275751610094,130.40782601237922,0.0,0.0,2810.172383716482,0,0,635.324095447712,1000.9744516194768,1046.291546940349,1,0,0
2020,9,5,12,0,9.19,10.527879825527934,6.733669932803524,-18.45,-25.73519573658156,-12.107333985959404,130.40782601237922,0.0,0.0,2810.172383716482,0,0,623.7519349961505,1010.5595528062087,1063.1550980559205,1,0,0
2020,9,5,12,0,9.19,6.375945127068103,20.710040442810623,-17.95,-23.554521162352835,-10.132280114434007,130.40782601237922,0.0,0.0,2810.172383716482,0,0,616.7722139015015,1141.0637724985293,1023.253904708825,1,0,0
2020,9,5,12,0,9.19,23.645562501260812,7.3950320232881355,-17.45,-9.350153761676875,-25.039892513019545,130.40782601237922,0.0,0.0,2810.172383716482,0,0,614.5414526271634,1307.820316099514,1159.5740688224623,1,0,0
2020,9,5,12,0,9.19,6.301180452981217,6.712057172122279,-16.95,-9.533190377265008,-22.662516244516162,130.40782601237922,0.0,0.0,2810.172383716482,0,0,617.1111608982538,1275.394011871997,1055.3557455242694,1,0,0
2020,9,5,12,0,9.19,23.38102676708303,7.444150459773018,-16.45,-25.56515174717922,-25.224078030585268,130.40782601237922,0.0,0.0,2810.172383716482,0,0,624.422066526871,1284.7385710102049,1170.1335075648583,1,0,0
2020,9,5,12,0,9.19,20.963709052852906,23.22809120042539,-15.95,-25.794995501003182,-9.79790571651601,130.40782601237922,0.0,0.0,2810.172383716482,0,0,636.3107448031888,1121.7408405946298,1242.7615953869872,1,0,0
2020,9,5,12,0,9.19,6.579515617336051,5.875484664213818,-15.45,-22.748830149719137,-21.73287039069807,130.40782601237922,0.0,0.0,2810.172383716482,0,0,652.5269925482005,1072.9064164330039,1087.9992218785567,1,0,0
2020,9,5,12,0,9.19,19.004662627067447,20.90121408737307,-14.95,-26.038883719620568,-24.94470269967698,130.40782601237922,0.0,0.0,2810.172383716482,0,0,672.7578945040791,1028.9059159504272,1048.1477087408748,1,0,0
2020,9,5,12,0,9.19,6.768570712607362,9.768721861714834,-14.45,-26.55476057200053,-26.500052860757894,130.40782601237922,0.0,0.0,2810.172383716482,0,0,696.6537171577364,1328.4455565202295,1124.855285665258,1,0,0
2020,9,5,12,0,9.19,6.360726443486778,21.62376890106045,-13.95,-12.604789618552484,-11.186068446250145,130.40782601237922,0.0,0.0,2810.172383716482,0,0,723.8515175086894,1070.2094001818562,1014.6735472683956,1,0,0
2020,9,5,12,0,9.19,23.030754444481076,9.566945636637572,-13.45,-21.699894067213457,-9.438222217379103,130.40782601237922,0.0,0.0,2810.172383716482,0,0,753.9939726454838,1025.9042540316696,1043.622618680636,1,0,0
2020,9,5,12,0,9.19,6.882208567757857,21.589570267749608,-12.95,-22.253266534746086,-25.014596349803284,130.40782601237922,0.0,0.0,2810.172383716482,0,0,786.7426066497433,1015.7032706301346,1103.9985776448152,1,0,0
2020,9,5,12,0,9.19,8.396213234778383,10.657371850978357,-12.45,-8.76101345999286,-26.55250018262296,130.40782601237922,0.0,0.0,2810.172383716482,0,0,821.785804310863,1180.0465019460482,1083.7081204971387,1,0,0
2020,9,5,12,0,9.19,6.596391764619753,8.244659342272062,-11.95,-24.78762897420946,-8.752573100416463,130.40782601237922,0.0,0.0,2810.172383716482,0,0,858.8426294187258,1205.78593473445,1191.0759465658136,1,0,0
2020,9,5,12,0,9.19,8.70059649949821,22.007160813554783,-11.45,-8.245268938755931,-24.118954590679536,130.40782601237922,0.0,0.0,2810.172383716482,0,0,897.6636260187773,1206.1015236223893,1071.8886676597901,1,0,0
2020,9,5,12,0,9.69,6.575424175348731,7.286544825451189,-23.45,-11.02283904358178,-22.73631976091792,130.40782601237922,0.0,0.0,2810.172383716482,0,0,857.2116713191056,1146.5609595510828,1006.3724154428551,1,0,0
2020,9,5,12,0,9.69,6.117908861500254,20.29665027334476,-22.95,-11.618609007576863,-10.056473041095707,130.40782601237922,0.0,0.0,2810.172383716482,0,0,816.7969470718817,1150.0081341786945,1000.9659855924206,1,0,0
2020,9,5,12,0,9.69,22.723016925745412,6.0965422787374655,-22.45,-8.514888929711361,-10.347771251651114,130.40782601237922,0.0,0.0,2810.172383716482,0,0,778.0765012152475,1295.912374601225,1234.4233495845542,1,0,0
2020,9,5,12,0,9.69,5.709290262862346,22.871004475000788,-21.95,-14.96379496400172,-10.62465199864005,130.40782601237922,0.0,0.0,2810.172383716482,0,0,741.31601115844,1038.298807073128,1157.4920656838872,1,0,0
2020,9,5,12,0,9.69,10.44437453642095,22.65169216644938,-21.45,-9.223571163126355,-25.565332660259482,130.40782601237922,0.0,0.0,2810.172383716482,0,0,706.8214797852368,1012.7519144933797,1226.528446799149,1,0,0
2020,9,5,12,0,9.69,6.045619143393104,5.9360756472871605,-20.95,-11.571341879553184,-21.89359784924826,130.40782601237922,0.0,0.0,2810.172383716482,0,0,674.9405459898709,1159.5959139720476,1089.5803158821852,1,0,0
2020,9,5,12,0,9.69,7.389027497533322,7.134888643448132,-20.45,-24.462083934114222,-11.207964399409343,130.40782601237922,0.0,0.0,2810.172383716482,0,0,646.0603596508068,1116.0790466154506,1084.9188600010348,1,0,0
2020,9,5,12,0,9.69,6.404153646075717,7.431326935959142,-19.95,-23.149453153232457,-24.451147601925776,130.40782601237922,0.0,0.0,2810.172383716482,0,0,620.6000950563742,1113.2543013046618,1111.7994920657752,1,0,0
2020,9,5,12,0,9.69,6.731244501408994,9.515041910325277,-19.45,-24.99811614028802,-25.343328401235674,130.40782601237922,0.0,0.0,2810.172383716482,0,0,598.9960934835791,1209.9830445941986,1032.9751282901088,1,0,0
2020,9,5,12,0,9.69,18.99522554034911,5.724837124054471,-18.95,-8.506714182453127,-26.273219188570533,130.40782601237922,0.0,0.0,2810.172383716482,0,0,581.6782654770448,1065.3678333815576,1387.8236261589152,1,0,0
2020,9,5,12,0,9.69,22.2367463191214,6.805309884201414,-18.45,-26.257895681250734,-11.92447467437332,130.40782601237922,0.0,0.0,2810.172383716482,0,0,569.0381371012178,1247.721817270539,1067.6604228191748,1,0,0
2020,9,5,12,0,9.69,5.848753689903523,23.12760502260973,-17.95,-19.488069323018735,-10.855249486082503,130.40782601237922,0.0,0.0,2810.172383716482,0,0,561.3918066621547,1010.4875821030985,1165.00393434344,1,0,0
2020,9,5,12,0,9.69,22.314438985267074,8.488153604849023,-17.45,-8.168084555706134,-26.2091396973192,130.40782601237922,0.0,0.0,2810.172383716482,0,0,558.944282926554,1293.4864516110051,1176.9315978573247,1,0,0
2020,9,5,12,0,9.69,21.477294244716706,19.347934033254965,-16.95,-9.14746433112834,-8.346449953459523,130.40782601237922,0.0,0.0,2810.172383716482,0,0,561.7635297317444,1156.3521944529293,1097.627059208003,1,0,0
2020,9,5,12,0,9.69,5.889088104717234,6.112385231445615,-16.45,-9.717048474665738,-24.97298078633029,130.40782601237922,0.0,0.0,2810.172383716482,0,0,569.7713625190343,1296.4953078796489,1260.0262863647954,1,0,0
2020,9,5,12,0,9.69,21.383727174073712,6.727571298535212,-15.95,-8.91683177290549,-10.470891373896386,130.40782601237922,0.0,0.0,2810.172383716482,0,0,582.7538992288389,1168.5347135282955,1171.508861138975,1,0,0
2020,9,5,12,0,9.69,21.48584972048622,21.854705004369222,-15.45,-25.10597991631465,-23.592539789063547,130.40782601237922,0.0,0.0,2810.172383716482,0,0,600.3884715166947,1103.267649937278,1023.4225113761963,1,0,0
2020,9,5,12,0,9.69,7.332370280920193,21.40265775550484,-14.95,-23.994689736662693,-9.790144632281628,130.40782601237922,0.0,0.0,2810.172383716482,0,0,622.2796502992396,1086.681852495336,1100.181790468312,1,0,0
2020,9,5,12,0,9.69,10.611065230958927,23.16190900967254,-14.45,-25.7702476237098,-8.364187259201344,130.40782601237922,0.0,0.0,2810.172383716482,0,0,647.9961071123269,1009.5963414196285,1340.1968854038446,1,0,0
2020,9,5,12,0,9.69,7.223181600156333,6.486623987407844,-13.95,-9.125526626702428,-10.325528838485237,130.40782601237922,0.0,0.0,2810.172383716482,0,0,677.1020454073505,1233.7792233565108,1202.3543642561583,1,0,0
2020,9,5,12,0,9.69,6.996772745674807,9.205028786436726,-13.45,-10.544594659460945,-9.954768933298126,130.40782601237922,0.0,0.0,2810.172383716482,0,0,709.1801649114926,1143.4494836777762,1021.2230191929903,1,0,0
2020,9,5,12,0,9.69,23.14844196905993,7.497741800042299,-12.95,-20.812752058711947,-11.109505069276413,130.40782601237922,0.0,0.0,2810.172383716482,0,0,743.8459395047281,1001.2572820243183,1060.6166145385669,1,0,0
2020,9,5,12,0,9.69,23.20881019491211,7.082714026126127,-12.45,-12.598127009833277,-8.535299507466934,130.40782601237922,0.0,0.0,2810.172383716482,0,0,780.7546563920059,1073.8864611469246,1292.350735426378,1,0,0
2020,9,5,12,0,9.69,6.431751397309735,22.01463714976211,-11.95,-13.338106957427335,-25.26112579918975,130.40782601237922,0.0,0.0,2810.172383716482,0,0,819.6032385079692,1025.6920313610126,1154.8290723031032,1,0,0
2020,9,5,12,0,9.69,6.444904381239882,7.028420734343351,-11.45,-11.958828997247716,-25.480765491908706,130.40782601237922,0.0,0.0,2810.172383716482,0,0,860.1287540806597,1099.0280537022675,1222.7767624297285,1,0,0
2020,9,5,12,0,10.19,8.505397928905559,5.912983966443605,-23.45,-8.623391257255715,-24.70518625287425,130.40782601237922,0.0,0.0,2810.172383716482,0,0,821.5856844107828,1184.8600460403172,1258.4941289008289,1,0,0
2020,9,5,12,0,10.19,19.308283549235252,9.760330883420673,-22.95,-26.179889069358353,-8.972980639651897,130.40782601237922,0.0,0.0,2810.172383716482,0,0,779.4026023017142,1057.3975001275455,1074.7898904638332,1,0,0
2020,9,5,12,0,10.19,22.19986718554889,23.23403782036774,-22.45,-11.059957193052824,-8.267556004840479,130.40782601237922,0.0,0.0,2810.172383716482,0,0,738.7988140189321,1071.559155802303,1352.892148754128,1,0,0
2020,9,5,12,0,10.19,5.9715308053818825,22.236432280143475,-21.95,-14.995731286285453,-26.499275134550114,130.40782601237922,0.0,0.0,2810.172383716482,0,0,700.0493341065587,1009.2338664932304,1266.6841284243415,1,0,0
2020,9,5,12,0,10.19,6.233318110302477,6.433271847623104,-21.45,-22.54235551342976,-12.330318287100795,130.40782601237922,0.0,0.0,2810.172383716482,0,0,663.4792860849168,1094.113533692274,1078.4690678032425,1,0,0
2020,9,5,12,0,10.19,7.943373247887768,8.06904080642058,-20.95,-25.25511242805571,-9.543948499987298,130.40782601237922,0.0,0.0,2810.172383716482,0,0,629.4687791655435,1134.5229041683342,1136.4047462152464,1,0,0
2020,9,5,12,0,10.19,22.374501095155154,22.711630529730805,-20.45,-11.516392929007637,-11.256575543440976,130.40782601237922,0.0,0.0,2810.172383716482,0,0,598.4544840232442,1057.292951130313,1103.280159695251,1,0,0
2020,9,5,12,0,10.19,7.859802744234614,8.095589944358908,-19.95,-26.24630153571555,-10.188193294168368,130.40782601237922,0.0,0.0,2810.172383716482,0,0,570.925017097436,1223.262212838427,1082.0302098455452,1,0,0
2020,9,5,12,0,10.19,7.631611765994368,10.53634468167482,-19.45,-24.894020901723504,-8.180572555489832,130.40782601237922,0.0,0.0,2810.172383716482,0,0,547.4064994117076,1129.5949417273923,1109.4653475179566,1,0,0
2020,9,5,12,0,10.19,23.291868755635647,6.064016834839347,-18.95,-24.62892747939124,-12.36443743400031,130.40782601237922,0.0,0.0,2810.172383716482,0,0,528.4348250792857,1214.300939730274,1112.0119000613315,1,0,0
2020,9,5,12,0,10.19,6.169854117574337,23.175021641629428,-18.45,-9.42413412650237,-23.36786052336128,130.40782601237922,0.0,0.0,2810.172383716482,0,0,514.5132787447776,1294.3100203416475,1126.3473267566853,1,0,0
2020,9,5,12,0,10.19,6.066259645261821,21.4462780583995,-17.95,-8.523381567002005,-24.09552091318714,130.40782601237922,0.0,0.0,2810.172383716482,0,0,506.05886630319173,1371.175478806087,1024.6817522525996,1,0,0
2020,9,5,12,0,10.19,6.387406902732855,6.980523686388337,-17.45,-12.614535236851504,-24.099591606085333,130.40782601237922,0.0,0.0,2810.172383716482,0,0,503.34717790701194,1067.0958843745561,1124.108133986098,1,0,0
2020,9,5,12,0,10.19,9.008335347429302,22.282254961873356,-16.95,-24.928201652120663,-12.293800606597486,130.40782601237922,0.0,0.0,2810.172383716482,0,0,506.4704727453754,1030.215714898932,1002.381577742647,1,0,0
2020,9,5,12,0,10.19,22.588691648564776,21.788307732757083,-16.45,-24.270467258494993,-24.359916469442958,130.40782601237922,0.0,0.0,2810.172383716482,0,0,515.3226559360235,1130.8028712677417,1071.0191688358232,1,0,0
2020,9,5,12,0,10.19,9.081515635819098,5.998814268678895,-15.95,-9.869818104920832,-12.049746910288912,130.40782601237922,0.0,0.0,2810.172383716482,0,0,529.6165114750685,1037.0049295647714,1135.851038036231,1,0,0
2020,9,5,12,0,10.19,22.57608735991733,22.326377677408267,-15.45,-9.831462807935367,-22.98630967998035,130.40782601237922,0.0,0.0,2810.172383716482,0,0,548.9270581572769,1187.2532159431948,1026.5741792900471,1,0,0
2020,9,5,12,0,10.19,20.88786113970329,23.21786407295476,-14.95,-24.35832774339432,-11.640720444616377,130.40782601237922,0.0,0.0,2810.172383716482,0,0,572.7470327346473,1001.1675946234938,1126.083809245655,1,0,0
2020,9,5,12,0,10.19,5.728579010898446,7.072146854080996,-14.45,-10.555684368683497,-24.98682151346912,130.40782601237922,0.0,0.0,2810.172383716482,0,0,600.5400063044866,1252.860843531241,1181.3064778886192,1,0,0
2020,9,5,12,0,10.19,20.695765921555513,22.12366116587858,-13.95,-24.664058697641607,-25.287042458539467,130.40782601237922,0.0,0.0,2810.172383716482,0,0,631.7817709740173,1011.1129788532778,1165.1094316475824,1,0,0
2020,9,5,12,0,10.19,6.753587440071076,11.02306431005762,-13.45,-12.559632352416765,-26.301815567827507,130.40782601237922,0.0,0.0,2810.172383716482,0,0,665.9870474213412,1034.9016775793236,1041.7711126588972,1,0,0
2020,9,5,12,0,10.19,6.792732609262102,22.82153931844612,-12.95,-9.753153377889543,-8.192090406066999,130.40782601237922,0.0,0.0,2810.172383716482,0,0,702.7231066731626,1218.718612132523,1327.9650784785117,1,0,0
2020,9,5,12,0,10.19,5.7100429636394505,6.123758698104788,-12.45,-23.701713562108697,-13.759485785751083,130.40782601237922,0.0,0.0,2810.172383716482,0,0,741.6138340768081,1211.3328126844692,1037.8218865652948,1,0,0
2020,9,5,12,0,10.19,18.00684750072502,19.583090762791954,-11.95,-8.222906821586328,-26.434354163656423,130.40782601237922,0.0,0.0,2810.172383716482,0,0,782.3378360626003,1051.7662255284347,1095.2696168395469,1,0,0
2020,9,5,12,0,10.19,23.2076217637575,6.105375663852803,-11.45,-12.627745876031204,-8.85887475154685,130.40782601237922,0.0,0.0,2810.172383716482,0,0,824.6234144659338,1072.293148985385,1342.159211471835,1,0,0
2020,9,5,12,0,10.69,19.94785185401386,5.931058072199811,-23.45,-9.34706169598888,-14.552989103086974,130.40782601237922,0.0,0.0,2810.172383716482,0,0,788.2609345370215,1039.5037282426695,1027.5273265579224,1,0,0
2020,9,5,12,0,10.69,22.032871252614164,9.201207758845442,-22.95,-25.418627212420315,-25.48117430762249,130.40782601237922,0.0,0.0,2810.172383716482,0,0,744.2741663675771,1168.0763003606144,1065.5062620943388,1,0,0
2020,9,5,12,0,10.69,19.586309381239893,23.581491934648376,-22.45,-25.80484450281604,-12.448143972762695,130.40782601237922,0.0,0.0,2810.172383716482,0,0,701.720650014258,1037.8591821164562,1117.5335849280177,1,0,0
2020,9,5,12,0,10.69,6.971557781510832,20.55812891724097,-21.95,-9.882153264258989,-24.9978415938034,130.40782601237922,0.0,0.0,2810.172383716482,0,0,660.8774749343282,1194.472271293726,1028.5092984667158,1,0,0
2020,9,5,12,0,10.69,23.195225746087672,21.205424658248305,-21.45,-9.373838538965238,-10.75611281214907,130.40782601237922,0.0,0.0,2810.172383716482,0,0,622.0817788573194,1269.4163101578765,1011.8361262547684,1,0,0
2020,9,5,12,0,10.69,10.59982888598445,7.090250731371432,-20.95,-26.567980312159943,-12.43465702827221,130.40782601237922,0.0,0.0,2810.172383716482,0,0,585.7406961195184,1088.0065444372779,1010.264206228856,1,0,0
2020,9,5,12,0,10.69,19.998489718365892,20.311629209916426,-20.45,-8.864303282140753,-24.890469787452034,130.40782601237922,0.0,0.0,2810.172383716482,0,0,552.3390895321146,1085.246415438914,1002.9334970165751,1,0,0
2020,9,5,12,0,10.69,6.1202714494847665,6.631515425448721,-19.95,-9.105650315183805,-12.407644200565311,130.40782601237922,0.0,0.0,2810.172383716482,0,0,522.4411932420824,1322.197882947942,1055.1775947959372,1,0,0
2020,9,5,12,0,10.69,20.61276986146907,19.189995703116132,-19.45,-10.314721225428684,-25.87326983106891,130.40782601237922,0.0,0.0,2810.172383716482,0,0,496.680252888482,1001.7329823074676,1022.7823056019672,1,0,0
2020,9,5,12,0,10.69,6.4131797005516304,22.43385833325405,-18.95,-23.201784221279212,-25.030253014625064,130.40782601237922,0.0,0.0,2810.172383716482,0,0,475.728900210146,1115.6141783177911,1170.6246624185326,1,0,0
2020,9,5,12,0,10.69,19.048239325879862,5.989398266870882,-18.45,-26.631403932552313,-21.480874106581407,130.40782601237922,0.0,0.0,2810.172383716482,0,0,460.2445158062097,1087.1736280282992,1064.905718762947,1,0,0
2020,9,5,12,0,10.69,20.027382634692074,20.544451331882808,-17.95,-9.69473269295688,-9.851229430105509,130.40782601237922,0.0,0.0,2810.172383716482,0,0,450.79087241287334,1014.117871617238,1034.683001100573,1,0,0
2020,9,5,12,0,10.69,22.413368400593797,20.553495563685214,-17.45,-12.049030228824568,-26.427311898839502,130.40782601237922,0.0,0.0,2810.172383716482,0,0,447.75016166298764,1028.594831648831,1149.562743739786,1,0,0
2020,9,5,12,0,10.69,23.244332725579277,9.751783972911344,-16.95,-24.71966246690642,-9.716511385878153,130.40782601237922,0.0,0.0,2810.172383716482,0,0,451.2520518245526,1216.1711071420477,1006.8391940900061,1,0,0
2020,9,5,12,0,10.69,20.82386987815871,6.030370447764323,-16.45,-8.564773730780388,-22.026749821423774,130.40782601237922,0.0,0.0,2810.172383716482,0,0,461.14750356417215,1161.3030087355132,1086.7579217369012,1,0,0
2020,9,5,12,0,10.69,19.37815243573658,7.731570179147972,-15.95,-25.730742546946356,-23.498588203814045,130.40782601237922,0.0,0.0,2810.172383716482,0,0,477.0387732924696,1019.6389759569624,1017.5140488569443,1,0,0
2020,9,5,12,0,10.69,7.414016471793294,23.002623704791482,-15.45,-23.271892524956503,-25.644464080760795,130.40782601237922,0.0,0.0,2810.172383716482,0,0,498.3525586805077,1029.539335206872,1259.8865171635105,1,0,0
2020,9,5,12,0,10.69,11.940151699731604,23.165189602771804,-14.95,-26.73298836859572,-10.111284040766623,130.40782601237922,0.0,0.0,2810.172383716482,0,0,524.4280577791538,1048.8021839803635,1216.3849771274809,1,0,0
2020,9,5,12,0,10.69,7.493312532066569,7.46371141720004,-14.45,-25.630357578977296,-8.935842565442211,130.40782601237922,0.0,0.0,2810.172383716482,0,0,554.593939546726,1198.8211167257123,1231.1807065821247,1,0,0
2020,9,5,12,0,10.69,5.697823188749443,22.465432860885024,-13.95,-13.264156063476769,-24.58190115644772,130.40782601237922,0.0,0.0,2810.172383716482,0,0,588.2211339149727,1103.1044640632042,1141.6431052954747,1,0,0
2020,9,5,12,0,10.69,8.024836605851815,22.543246633583358,-13.45,-26.69670892661304,-12.13811741102329,130.40782601237922,0.0,0.0,2810.172383716482,0,0,624.7508618987987,1250.7992817142992,1035.4014617845128,1,0,0
2020,9,5,12,0,10.69,21.8159365378605,17.43519825573463,-12.95,-10.423238518481881,-26.744182417239408,130.40782601237922,0.0,0.0,2810.172383716482,0,0,663.7039136368144,1084.176330480425,1036.0432829736537,1,0,0
2020,9,5,12,0,10.69,23.467640171928785,7.235173417879722,-12.45,-22.036933184042514,-10.17824217859653,130.40782601237922,0.0,0.0,2810.172383716482,0,0,704.6784040500544,1084.7823186760618,1150.7419179823605,1,0,0
2020,9,5,12,0,10.69,22.8132460371121,21.43152517916586,-11.95,-12.901134847710079,-24.16053800451528,130.40782601237922,0.0,0.0,2810.172383716482,0,0,747.3417800166535,1020.3727739547173,1028.214906800387,1,0,0
2020,9,5,12,0,10.69,19.06494649823432,7.201257554202633,-11.45,-26.326338918044847,-22.88886849957607,130.40782601237922,0.0,0.0,2810.172383716482,0,0,791.4208136879602,1058.99496889369,1023.7342018015271,1,0,0
2020,9,5,12,0,11.19,6.559602202860932,7.246259574986109,-23.45,-24.00143244269002,-24.853868939064974,130.40782601237922,0.0,0.0,2810.172383716482,0,0,757.5411888907493,1153.9348258575155,1157.1624410345946,1,0,0
2020,9,5,12,0,11.19,8.747763937660078,8.91277017289389,-22.95,-9.3610708884686,-9.892479878297255,130.40782601237922,0.0,0.0,2810.172383716482,0,0,711.7472281878532,1103.9098388607968,1046.6915405909554,1,0,0
2020,9,5,12,0,11.19,5.859797458994577,8.387683491620615,-22.45,-15.378659626668137,-25.739398699191906,130.40782601237922,0.0,0.0,2810.172383716482,0,0,667.2088118614405,1010.9562276408775,1142.9498377120183,1,0,0
2020,9,5,12,0,11.19,9.44001180742912,9.240961409315373,-21.95,-25.50385672398364,-25.58615047736282,130.40782601237922,0.0,0.0,2810.172383716482,0,0,624.1949492720929,1052.1970977043195,1072.2942915432416,1,0,0
2020,9,5,12,0,11.19,22.220774347729808,7.584060980804471,-21.45,-8.40047067396127,-10.404816458122617,130.40782601237922,0.0,0.0,2810.172383716482,0,0,583.0433420882553,1268.3951088580097,1105.3761650378376,1,0,0
2020,9,5,12,0,11.19,23.526229561073905,22.993225733313793,-20.95,-14.251275984322263,-10.03540416301372,130.40782601237922,0.0,0.0,2810.172383716482,0,0,544.1768111570306,1036.0741433611104,1207.1046537126338,1,0,0
2020,9,5,12,0,11.19,7.434308682307653,19.455351071518997,-20.45,-24.94657902905732,-25.721521457402307,130.40782601237922,0.0,0.0,2810.172383716482,0,0,508.12015526323347,1149.2351823931024,1023.0245202021814,1,0,0
2020,9,5,12,0,11.19,22.32447487991559,5.709074887615185,-19.95,-25.310025382508805,-18.32818605065264,130.40782601237922,0.0,0.0,2810.172383716482,0,0,475.51314979215005,1182.3213849681085,1006.0065987288453,1,0,0
2020,9,5,12,0,11.19,23.685682710435984,6.684191339124457,-19.45,-13.251173496175864,-25.491153477801888,130.40782601237922,0.0,0.0,2810.172383716482,0,0,447.11130074057036,1090.9235762519172,1250.9364566168058,1,0,0
2020,9,5,12,0,11.19,5.9117286172512795,23.62634238606288,-18.95,-25.90660519948357,-12.80822976183961,130.40782601237922,0.0,0.0,2810.172383716482,0,0,423.7611020598097,1344.9815960868016,1104.6807001606805,1,0,0
2020,9,5,12,0,11.19,22.214596797679604,9.250401912234993,-18.45,-9.140164836838135,-9.157807968620332,130.40782601237922,0.0,0.0,2810.172383716482,0,0,406.3344715216636,1210.3370521447275,1088.8893268701281,1,0,0
2020,9,5,12,0,11.19,5.75049090216865,6.426519196569193,-17.95,-16.024519231440966,-12.912092176206814,130.40782601237922,0.0,0.0,2810.172383716482,0,0,395.6150453646113,1009.3961641929975,1047.4927240649974,1,0,0
2020,9,5,12,0,11.19,6.65806497328584,7.277513418455518,-17.45,-11.12770691681476,-12.062780415417583,130.40782601237922,0.0,0.0,2810.172383716482,0,0,392.1532719527038,1132.2348958604982,1015.7540211166852,1,0,0
2020,9,5,12,0,11.19,23.06919330995882,22.898881253199974,-16.95,-8.875756486925887,-26.11890719030286,130.40782601237922,0.0,0.0,2810.172383716482,0,0,396.1394791708345,1295.1918084582578,1286.43403535846,1,0,0
2020,9,5,12,0,11.19,6.967244710405008,6.423581721445322,-16.45,-10.299579375686655,-24.30260871594339,130.40782601237922,0.0,0.0,2810.172383716482,0,0,407.35506236236506,1163.734716750965,1186.354971756224,1,0,0
2020,9,5,12,0,11.19,17.734307520149315,6.250414418044458,-15.95,-8.214410086360175,-13.224614793548412,130.40782601237922,0.0,0.0,2810.172383716482,0,0,425.2283313302982,1043.1476547829297,1049.3054505453847,1,0,0
2020,9,5,12,0,11.19,9.486654109707205,7.216154007425755,-15.45,-8.81875958578648,-25.690078380752553,130.40782601237922,0.0,0.0,2810.172383716482,0,0,448.96479893206964,1105.2953058781557,1224.7163963011908,1,0,0
2020,9,5,12,0,11.19,8.900335664487775,7.726466174466164,-14.95,-9.62857578498738,-26.592733280791418,130.40782601237922,0.0,0.0,2810.172383716482,0,0,477.691153325962,1070.287509722593,1262.2390288862164,1,0,0
2020,9,5,12,0,11.19,6.231586764519159,23.676763579876834,-14.45,-11.60922523256475,-19.10589405691558,130.40782601237922,0.0,0.0,2810.172383716482,0,0,510.56573863445806,1140.039113773784,1011.0183909204553,1,0,0
2020,9,5,12,0,11.19,20.3634588327039,6.525309103944188,-13.95,-25.487753854671,-24.8107253773372,130.40782601237922,0.0,0.0,2810.172383716482,0,0,546.840810894487,1056.6171720019065,1213.4339234916692,1,0,0
2020,9,5,12,0,11.19,20.733287341444136,22.861399780429167,-13.45,-9.755857178352006,-22.760509884288627,130.40782601237922,0.0,0.0,2810.172383716482,0,0,585.8849610827009,1055.3979805579588,1062.9763985086918,1,0,0
2020,9,5,12,0,11.19,21.620153981145457,23.61341517673865,-12.95,-25.029216991441306,-12.065430333915462,130.40782601237922,0.0,0.0,2810.172383716482,0,0,627.1811134032577,1107.4125863277072,1140.0465597948462,1,0,0
2020,9,5,12,0,11.19,6.514648433116657,8.638962000363005,-12.45,-9.19784264259268,-10.356376882565463,130.40782601237922,0.0,0.0,2810.172383716482,0,0,670.3130343431046,1283.393182149616,1027.477299573534,1,0,0
2020,9,5,12,0,11.19,7.55700805061878,23.683946901387593,-11.95,-11.883728747337205,-8.209372670223228,130.40782601237922,0.0,0.0,2810.172383716482,0,0,714.9484018515791,1002.1966044428832,1391.609518609369,1,0,0
2020,9,5,12,0,11.19,21.585345427899256,9.835261948493777,-11.45,-25.059867494843584,-26.244830941892445,130.40782601237922,0.0,0.0,2810.172383716482,0,0,760.8224962794582,1107.1355321876295,1096.984110536019,1,0,0
2020,9,5,12,0,11.69,8.444678832370757,7.2481222809319945,-23.45,-25.93897963851699,-11.491492235473238,130.40782601237922,0.0,0.0,2810.172383716482,0,0,729.7555087447241,1156.2465616209502,1055.7230130695,1,0,0
2020,9,5,12,0,11.69,8.42205284275104,6.889785375868942,-22.95,-8.948287190820352,-22.7033078533735,130.40782601237922,0.0,0.0,2810.172383716482,0,0,682.1940127786999,1161.9685152027344,1041.099449088191,1,0,0
2020,9,5,12,0,11.69,20.987478906534285,22.57642669339925,-22.45,-8.158305074500152,-8.560424829738338,130.40782601237922,0.0,0.0,2810.172383716482,0,0,635.681428319407,1206.47113205065,1281.589141372604,1,0,0
2020,9,5,12,0,11.69,7.01485274128597,23.61584972323849,-21.95,-24.39443322498763,-22.872604951499262,130.40782601237922,0.0,0.0,2810.172383716482,0,0,590.4658915999399,1142.191634620092,1140.4179840061604,1,0,0
2020,9,5,12,0,11.69,5.955301974870418,7.556209407512121,-21.45,-22.78435370161659,-10.486636529096348,130.40782601237922,0.0,0.0,2810.172383716482,0,0,546.8694221606821,1134.2939315903582,1101.4411222914416,1,0,0
2020,9,5,12,0,11.69,21.32744637857476,22.100692418762186,-20.95,-9.789770296336723,-23.430249146139104,130.40782601237922,0.0,0.0,2810.172383716482,0,0,505.31145185872697,1094.7162926816598,1033.9839691748891,1,0,0
2020,9,5,12,0,11.69,19.53308474813729,7.151781707122515,-20.45,-26.057192290245965,-10.405265987248903,130.40782601237922,0.0,0.0,2810.172383716482,0,0,466.33747323758473,1057.9216264459228,1140.6612232868601,1,0,0
2020,9,5,12,0,11.69,22.8553900518574,20.100960526016895,-19.95,-21.732713847530288,-26.463583258821487,130.40782601237922,0.0,0.0,2810.172383716482,0,0,430.6497910235802,1010.008083886283,1126.2506967738698,1,0,0
2020,9,5,12,0,11.69,23.52829699837457,7.283564806024564,-19.45,-9.20273374534532,-25.126207996549713,130.40782601237922,0.0,0.0,2810.172383716482,0,0,399.13105815769165,1308.3650242370247,1175.0796624733528,1,0,0
2020,9,5,12,0,11.69,6.872672226136508,22.59598121327732,-18.95,-9.65353343634865,-10.277315632939683,130.40782601237922,0.0,0.0,2810.172383716482,0,0,372.8402074932468,1219.814781877617,1157.6548066189791,1,0,0
2020,9,5,12,0,11.69,23.083392298542577,21.02682385673654,-18.45,-9.734931561626578,-25.70595876628094,130.40782601237922,0.0,0.0,2810.172383716482,0,0,352.94755916059125,1235.1462551341585,1118.6209683659695,1,0,0
2020,9,5,12,0,11.69,6.4783000181901595,5.99820406501181,-17.95,-9.671737653440118,-11.564528574794371,130.40782601237922,0.0,0.0,2810.172383716482,0,0,340.5761833001903,1250.5208057240768,1164.4186740268544,1,0,0
2020,9,5,12,0,11.69,10.353340459571342,22.978469030053127,-17.45,-8.71749489737661,-8.661440584914228,130.40782601237922,0.0,0.0,2810.172383716482,0,0,336.5565714838688,1066.2586517134064,1304.0513098898925,1,0,0
2020,9,5,12,0,11.69,7.56875793437572,7.3346872230117635,-16.95,-8.710833866192214,-26.096301196838656,130.40782601237922,0.0,0.0,2810.172383716482,0,0,341.1840527942648,1242.1971471203371,1248.6946691510825,1,0,0
2020,9,5,12,0,11.69,22.410937200381248,19.195707072182994,-16.45,-23.40278732437482,-26.746963848658318,130.40782601237922,0.0,0.0,2810.172383716482,0,0,354.1197825141858,1059.5088616366918,1105.129298050684,1,0,0
2020,9,5,12,0,11.69,6.355037001315677,22.246794516763842,-15.95,-25.452713651759243,-24.49412376936113,130.40782601237922,0.0,0.0,2810.172383716482,0,0,374.50377498255415,1274.7309547508162,1117.6123232466048,1,0,0
2020,9,5,12,0,11.69,23.275979399691764,20.796771391930733,-15.45,-8.545700189442488,-8.284373753244935,130.40782601237922,0.0,0.0,2810.172383716482,0,0,401.2022807662125,1335.4244673343928,1183.8353787804137,1,0,0
2020,9,5,12,0,11.69,23.471518900251304,22.283682923889856,-14.95,-24.968623909807917,-11.65274232119824,130.40782601237922,0.0,0.0,2810.172383716482,0,0,433.0488607166395,1251.8686242689005,1040.768682217124,1,0,0
2020,9,5,12,0,11.69,19.163373491000584,19.785889996150964,-14.45,-8.38581443329052,-8.97771258666059,130.40782601237922,0.0,0.0,2810.172383716482,0,0,468.99585148032327,1084.8731750617476,1062.8935971446554,1,0,0
2020,9,5,12,0,11.69,5.978222814967484,9.043360818248889,-13.95,-14.250330669771177,-8.995446670766189,130.40782601237922,0.0,0.0,2810.172383716482,0,0,508.17371019521386,1033.3146613495435,1116.6895305099506,1,0,0
2020,9,5,12,0,11.69,21.11835136311461,8.695828077541135,-13.45,-9.377420888767958,-26.61286535832106,130.40782601237922,0.0,0.0,2810.172383716482,0,0,549.8921678645489,1112.7749780677198,1199.41987033732,1,0,0
2020,9,5,12,0,11.69,12.080473734885745,19.60098632979158,-12.95,-26.534549732360635,-8.7840415420881,130.40782601237922,0.0,0.0,2810.172383716482,0,0,593.6156688762266,1023.467890879092,1070.212167713254,1,0,0
2020,9,5,12,0,11.69,19.192893564832374,23.41440347841626,-12.45,-25.718366342548293,-19.96580768211967,130.40782601237922,0.0,0.0,2810.172383716482,0,0,638.9325617203826,1008.5785180141461,1002.0540876006887,1,0,0
2020,9,5,12,0,11.69,23.382675296293378,17.965166880862775,-11.95,-23.346534824434055,-26.369151165525295,130.40782601237922,0.0,0.0,2810.172383716482,0,0,685.5267621051197,1144.2588051835917,1015.9606896916903,1,0,0
2020,9,5,12,0,11.69,18.428421701733512,11.329196980253338,-11.45,-26.11296771680028,-8.323812184102067,130.40782601237922,0.0,0.0,2810.172383716482,0,0,733.1546120647715,1009.3432242357361,1059.5914400040324,1,0,0
2020,9,5,12,0,12.19,8.720752125440939,7.465996087616345,-23.45,-10.468529206126522,-9.325763777078862,130.40782601237922,0.0,0.0,2810.172383716482,0,0,705.2507770518308,1012.2256196369833,1199.2099976096001,1,0,0
2020,9,5,12,0,12.19,20.61317970137345,23.42507894556043,-22.95,-9.266513750432658,-12.961528184754629,130.40782601237922,0.0,0.0,2810.172383716482,0,0,656.0165429472379,1088.0902269995513,1077.6474283137702,1,0,0
2020,9,5,12,0,12.19,5.765090727754876,5.691779496726628,-22.45,-12.285050273542598,-16.522200640658887,130.40782601237922,0.0,0.0,2810.172383716482,0,0,607.6032551144906,1145.269585759438,1008.8309189110353,1,0,0
2020,9,5,12,0,12.19,22.896350770619144,7.184253070234523,-21.95,-23.771644494804843,-9.574747064790543,130.40782601237922,0.0,0.0,2810.172383716482,0,0,560.2240132199493,1125.3875110564113,1201.1530593966868,1,0,0
2020,9,5,12,0,12.19,22.43595520330927,7.67878851594773,-21.45,-8.497520046751674,-11.732013437301301,130.40782601237922,0.0,0.0,2810.172383716482,0,0,514.1649752445414,1276.194380896886,1001.6414253110015,1,0,0
2020,9,5,12,0,12.19,19.415407923515666,7.818351689786718,-20.95,-8.484406411162055,-23.94117219750616,130.40782601237922,0.0,0.0,2810.172383716482,0,0,469.81480467768847,1088.125777612326,1042.1337689775075,1,0,0
2020,9,5,12,0,12.19,6.252142341528986,23.61326133809291,-20.45,-21.30984992175974,-14.382708001234768,130.40782601237922,0.0,0.0,2810.172383716482,0,0,427.70563733416526,1030.5372642842767,1040.8292054343447,1,0,0
2020,9,5,12,0,12.19,23.388296670727286,20.49227432321082,-19.95,-25.62002629314994,-25.348434003897133,130.40782601237922,0.0,0.0,2810.172383716482,0,0,388.5669343866853,1289.146131571084,1053.2002421115928,1,0,0
2020,9,5,12,0,12.19,20.103100126753752,23.535764391005436,-19.45,-26.07256804843189,-13.043958246905873,130.40782601237922,0.0,0.0,2810.172383716482,0,0,353.38722889025496,1091.4852712952966,1084.9166373093374,1,0,0
2020,9,5,12,0,12.19,9.391213844202408,7.7495298270241975,-18.95,-26.084879478655143,-23.660023512266854,130.40782601237922,0.0,0.0,2810.172383716482,0,0,323.4610225757982,1108.1297683121338,1027.4486913025642,1,0,0
2020,9,5,12,0,12.19,10.325832184895841,21.73283271760338,-18.45,-25.78759802122541,-26.052647576002883,130.40782601237922,0.0,0.0,2810.172383716482,0,0,300.36285534050234,1026.397958899249,1195.5232017673404,1,0,0
2020,9,5,12,0,12.19,8.257176396516925,6.7852465621196885,-17.95,-10.049956471763796,-25.966221177998435,130.40782601237922,0.0,0.0,2810.172383716482,0,0,285.7534395993102,1080.937484217334,1279.908758981367,1,0,0
2020,9,5,12,0,12.19,23.14973945101606,6.140206390981124,-17.45,-24.980267498983693,-9.498064157537275,130.40782601237922,0.0,0.0,2810.172383716482,0,0,280.96017259853926,1225.5807001578696,1291.2982660283728,1,0,0
2020,9,5,12,0,12.19,21.218591555826244,23.683531196892368,-16.95,-25.395983484130184,-21.988323893351236,130.40782601237922,0.0,0.0,2810.172383716482,0,0,286.47622433449783,1106.723290284065,1104.01820924446,1,0,0
2020,9,5,12,0,12.19,22.10849934447465,23.499898955882948,-16.45,-10.179520760705444,-23.7887933640863,130.40782601237922,0.0,0.0,2810.172383716482,0,0,301.73670789906,1125.005792503065,1180.5561601933016,1,0,0
2020,9,5,12,0,12.19,6.345017840343391,8.605732205413299,-15.95,-11.144466406874018,-24.372769265224456,130.40782601237922,0.0,0.0,2810.172383716482,0,0,325.3733592301425,1159.070309141077,1013.184728336257,1,0,0
2020,9,5,12,0,12.19,6.0011448955623194,22.760169713547725,-15.45,-22.810195986007514,-8.556996725364861,130.40782601237922,0.0,0.0,2810.172383716482,0,0,355.7202720360314,1131.3545151634714,1295.464622667422,1,0,0
2020,9,5,12,0,12.19,22.66000067195987,22.122507034808443,-14.95,-23.843820484175836,-8.868583967420836,130.40782601237922,0.0,0.0,2810.172383716482,0,0,391.21889357031546,1109.1382124693916,1224.519059436456,1,0,0
2020,9,5,12,0,12.19,21.8385650809185,5.7864964328868735,-14.45,-10.450988172838457,-23.87853173579828,130.40782601237922,0.0,0.0,2810.172383716482,0,0,430.5968481621192,1083.9729605751681,1215.3125234014205,1,0,0
2020,9,5,12,0,12.19,7.3445134654531055,19.487526372182046,-13.95,-9.270429640601165,-9.466993709514462,130.40782601237922,0.0,0.0,2810.172383716482,0,0,472.8858711495103,1212.8929658430368,1001.8949285809324,1,0,0
2020,9,5,12,0,12.19,22.872110219787395,22.668957378379105,-13.45,-8.73718520836983,-22.180432570575775,130.40782601237922,0.0,0.0,2810.172383716482,0,0,517.3724666406968,1290.301712906198,1013.7858220595717,1,0,0
2020,9,5,12,0,12.19,9.227750061872587,6.43391207363036,-12.95,-8.563241575716294,-12.39424706374874,130.40782601237922,0.0,0.0,2810.172383716482,0,0,563.5362719511255,1144.4606618775167,1074.793029480666,1,0,0
2020,9,5,12,0,12.19,7.467920012736846,6.470756837904025,-12.45,-23.796744679947654,-24.785241536031922,130.40782601237922,0.0,0.0,2810.172383716482,0,0,610.9970723206079,1061.0811728342715,1216.2046201700355,1,0,0
2020,9,5,12,0,12.19,22.102998823624013,21.495366448207612,-11.95,-9.95387286053598,-10.373712876359523,130.40782601237922,0.0,0.0,2810.172383716482,0,0,659.4747274869518,1140.9438657695237,1062.7055718748425,1,0,0
2020,9,5,12,0,12.19,10.527721073756565,22.6128526202343,-11.45,-8.281083316777767,-8.650439526478586,130.40782601237922,0.0,0.0,2810.172383716482,0,0,708.7604363016738,1099.9962816749492,1277.3794460903937,1,0,0
2020,9,5,12,0,12.69,5.768592176890497,23.608737766872437,-23.45,-18.596051683641214,-15.035028579124987,130.40782601237922,0.0,0.0,2810.172383716482,0,0,684.3795205389672,1002.5961294891408,1021.144791458707,1,0,0
2020,9,5,12,0,12.69,6.35417783887203,18.26620605865975,-22.95,-23.38541164266149,-8.171416735286073,130.40782601237922,0.0,0.0,2810.172383716482,0,0,633.6333510695154,1132.4029918506235,1066.5994341628395,1,0,0
2020,9,5,12,0,12.69,20.34045878080876,7.352419835921548,-22.45,-25.34941464165709,-26.121410858170304,130.40782601237922,0.0,0.0,2810.172383716482,0,0,583.4724634437008,1043.376102421927,1249.4472291332859,1,0,0
2020,9,5,12,0,12.69,9.388607490781377,23.547827804491526,-21.95,-25.446668800362264,-11.593050564694195,130.40782601237922,0.0,0.0,2810.172383716482,0,0,534.0620434802703,1050.3207850078825,1159.3497373421133,1,0,0
2020,9,5,12,0,12.69,6.203249719312147,20.813579908937974,-21.45,-24.904524081572717,-26.356743765992583,130.40782601237922,0.0,0.0,2810.172383716482,0,0,485.6314575530203,1247.4221230633696,1159.4685893180006,1,0,0
2020,9,5,12,0,12.69,19.02737331021835,22.31473413233391,-20.95,-26.461896212984733,-10.234729338195425,130.40782601237922,0.0,0.0,2810.172383716482,0,0,438.50571966413986,1070.0516632220128,1137.6263611682675,1,0,0
2020,9,5,12,0,12.69,8.589177404830645,6.204644397573489,-20.45,-10.43489973566102,-10.76909466084154,130.40782601237922,0.0,0.0,2810.172383716482,0,0,393.1545672511705,1024.7748815901248,1196.351048938856,1,0,0
2020,9,5,12,0,12.69,22.917416399557105,7.447997728593229,-19.95,-25.34669019557723,-11.675565263455882,130.40782601237922,0.0,0.0,2810.172383716482,0,0,350.26820698756876,1231.8825123034394,1025.7298295857845,1,0,0
2020,9,5,12,0,12.69,6.4387902524301,20.537639831702982,-19.45,-9.816669879129208,-9.68992446568182,130.40782601237922,0.0,0.0,2810.172383716482,0,0,310.86864091393505,1243.0839133826694,1047.5984018194908,1,0,0
2020,9,5,12,0,12.69,21.889895122586083,7.262075697932828,-18.95,-9.621014029666945,-25.008026960204912,130.40782601237922,0.0,0.0,2810.172383716482,0,0,276.45091872371785,1149.391902273274,1167.6671795103105,1,0,0
2020,9,5,12,0,12.69,7.304920317836885,23.103144196455126,-18.45,-8.63493005369823,-13.987958041933325,130.40782601237922,0.0,0.0,2810.172383716482,0,0,249.08893791473648,1267.7365663704074,1001.6377607654314,1,0,0
2020,9,5,12,0,12.69,19.50629053400542,20.093684989759403,-17.95,-9.263898984721457,-8.314001919716901,130.40782601237922,0.0,0.0,2810.172383716482,0,0,231.3005382606288,1021.3052432261757,1140.0477022175212,1,0,0
2020,9,5,12,0,12.69,22.669242558427186,5.837783144207515,-17.45,-22.45303863553866,-24.42111101854965,130.40782601237922,0.0,0.0,2810.172383716482,0,0,225.36429849500783,1028.1444454374173,1245.8845947108878,1,0,0
2020,9,5,12,0,12.69,7.360114114623755,6.489554599304697,-16.95,-23.29052146363325,-13.384123302711508,130.40782601237922,0.0,0.0,2810.172383716482,0,0,232.1910736754222,1035.5490959174106,1017.6953841393731,1,0,0
2020,9,5,12,0,12.69,8.316524284702151,22.975746470525316,-16.45,-9.052655192453667,-8.61193500132407,130.40782601237922,0.0,0.0,2810.172383716482,0,0,250.7405204908116,1160.2038370649138,1307.5416564577938,1,0,0
2020,9,5,12,0,12.69,22.57042138966692,6.755597810262357,-15.95,-8.923370891402872,-9.298646252863655,130.40782601237922,0.0,0.0,2810.172383716482,0,0,278.68148572594123,1253.4759792602715,1256.4410191008185,1,0,0
2020,9,5,12,0,12.69,22.294611736823185,17.507143486201798,-15.45,-22.844321768302713,-26.56713266680996,130.40782601237922,0.0,0.0,2810.172383716482,0,0,313.51286580990023,1015.2800482977007,1020.2009547805426,1,0,0
2020,9,5,12,0,12.69,23.52275257246349,7.318195517087935,-14.95,-21.04653789502793,-23.431473272395525,130.40782601237922,0.0,0.0,2810.172383716482,0,0,353.2018686071478,1048.7160146240249,1048.7227293817837,1,0,0
2020,9,5,12,0,12.69,10.628978534651484,6.38882084570212,-14.45,-9.14429860520399,-11.437240847459206,130.40782601237922,0.0,0.0,2810.172383716482,0,0,396.29154181560904,1010.687286646348,1136.3134546418623,1,0,0
2020,9,5,12,0,12.69,19.979597324256105,20.62223848859518,-13.95,-8.206630972541113,-9.106106444538884,130.40782601237922,0.0,0.0,2810.172383716482,0,0,441.78779650470995,1143.491084126319,1102.2705441297483,1,0,0
2020,9,5,12,0,12.69,11.48763553888029,7.250712208056871,-13.45,-26.539848670650088,-24.58134937550098,130.40782601237922,0.0,0.0,2810.172383716482,0,0,489.01923249276155,1045.8768460954711,1136.3049393151111,1,0,0
2020,9,5,12,0,12.69,23.17772301136153,7.83394466612798,-12.95,-12.757926395050365,-9.901835475606905,130.40782601237922,0.0,0.0,2810.172383716482,0,0,537.5284695120627,1062.9590447347698,1124.9308384487579,1,0,0
2020,9,5,12,0,12.69,19.318912539043474,23.337808707715894,-12.45,-8.83631428036513,-20.718299978251263,130.40782601237922,0.0,0.0,2810.172383716482,0,0,586.9986209365545,1050.434864732094,1017.5572438156638,1,0,0
2020,9,5,12,0,12.69,5.956813356857427,6.904608226217288,-11.95,-25.877091388039485,-10.618041233046622,130.40782601237922,0.0,0.0,2810.172383716482,0,0,637.205733960638,1339.083001919685,1145.9862027793993,1,0,0
2020,9,5,12,0,12.69,9.773187900056023,20.626323747746394,-11.45,-26.103432104790237,-8.300510312288644,130.40782601237922,0.0,0.0,2810.172383716482,0,0,687.988292675157,1087.2284022617562,1172.1117655978114,1,0,0
2020,9,5,12,0,13.19,6.475422968342499,6.4811695044679,-23.45,-26.44230023655066,-23.934406918805742,130.40782601237922,0.0,0.0,2810.172383716482,0,0,667.4826719586412,1341.661328476414,1156.3679555802864,1,0,0
2020,9,5,12,0,13.19,5.780958391821383,6.746132307359721,-22.95,-13.898390560886506,-23.661502516663553,130.40782601237922,0.0,0.0,2810.172383716482,0,0,615.458555064866,1067.4483275418615,1114.6998424664414,1,0,0
2020,9,5,12,0,13.19,9.374203817784078,21.92287920612361,-22.45,-9.259497124549231,-23.398651689606652,130.40782601237922,0.0,0.0,2810.172383716482,0,0,563.7961354601692,1071.8884868236921,1016.5187332092939,1,0,0
2020,9,5,12,0,13.19,8.807408544476177,10.514040495762327,-21.95,-10.313798030546497,-9.192989267551596,130.40782601237922,0.0,0.0,2810.172383716482,0,0,512.6050491075684,1018.6274969805756,1011.9813723492445,1,0,0
2020,9,5,12,0,13.19,11.903252130571895,6.026809970604847,-21.45,-8.194383906509032,-10.895803011844379,130.40782601237922,0.0,0.0,2810.172383716482,0,0,462.0422490492729,1050.9136483277605,1203.855704435997,1,0,0
2020,9,5,12,0,13.19,20.3571106779859,8.339950440278205,-20.95,-24.934752687387192,-25.313353552098167,130.40782601237922,0.0,0.0,2810.172383716482,0,0,412.3391951163036,1009.6684292799099,1110.2035054634055,1,0,0
2020,9,5,12,0,13.19,9.51234859969362,7.74070469004447,-20.45,-25.379482112787645,-11.303898126879592,130.40782601237922,0.0,0.0,2810.172383716482,0,0,363.848656773761,1036.4029849373128,1026.155187739945,1,0,0
2020,9,5,12,0,13.19,20.02689238358009,17.880049512419276,-19.95,-25.53373418818183,-26.51970067491331,130.40782601237922,0.0,0.0,2810.172383716482,0,0,317.12758710260186,1039.5151094930966,1027.9128135392252,1,0,0
2020,9,5,12,0,13.19,22.251575919546546,19.89221673290629,-19.45,-23.232451500481446,-8.896292293702455,130.40782601237922,0.0,0.0,2810.172383716482,0,0,273.08595224168886,1034.810423800688,1076.2662202231854,1,0,0
2020,9,5,12,0,13.19,21.738680342515323,6.124846879356811,-18.95,-10.214780526536394,-9.826200332269678,130.40782601237922,0.0,0.0,2810.172383716482,0,0,233.2467635246622,1093.3426195578086,1268.7046981191156,1,0,0
2020,9,5,12,0,13.19,23.34767707980167,7.616647719304669,-18.45,-20.144424942456723,-25.50989805989225,130.40782601237922,0.0,0.0,2810.172383716482,0,0,200.13580900088374,1000.016489692392,1179.7616976721088,1,0,0
2020,9,5,12,0,13.19,23.39932616036902,9.583125403541425,-17.95,-20.864938607413833,-9.23382935364819,130.40782601237922,0.0,0.0,2810.172383716482,0,0,177.55807202072324,1029.2113691454836,1061.2690704393192,1,0,0
2020,9,5,12,0,13.19,6.92743209354444,23.37822203043457,-17.45,-26.550216175925907,-22.653118805492156,130.40782601237922,0.0,0.0,2810.172383716482,0,0,169.7694647387018,1316.2140940383588,1106.2826217965044,1,0,0
2020,9,5,12,0,13.19,22.059093175746185,11.446808398987159,-16.95,-9.565406982328575,-8.719782569613173,130.40782601237922,0.0,0.0,2810.172383716482,0,0,178.71418713019884,1166.3906901294827,1014.6637172294433,1,0,0
2020,9,5,12,0,13.19,7.7915066394159265,21.487104690509348,-16.45,-11.015796809246263,-8.741959038693384,130.40782601237922,0.0,0.0,2810.172383716482,0,0,202.18339126548602,1042.764236083555,1189.8792237708249,1,0,0
2020,9,5,12,0,13.19,7.21191461118994,10.775372187065146,-15.95,-23.504215714256752,-8.604316232343173,130.40782601237922,0.0,0.0,2810.172383716482,0,0,235.88073389233404,1062.9785160606448,1056.222171749236,1,0,0
2020,9,5,12,0,13.19,23.434021106955655,23.380633557667352,-15.45,-8.236167552066387,-21.740895424342348,130.40782601237922,0.0,0.0,2810.172383716482,0,0,276.08601201604773,1370.4229372278173,1062.6905466505364,1,0,0
2020,9,5,12,0,13.19,7.323530587147142,20.68184814581339,-14.95,-26.156199603609117,-24.720746456201766,130.40782601237922,0.0,0.0,2810.172383716482,0,0,320.35812571360407,1254.4488096414577,1014.6531046418087,1,0,0
2020,9,5,12,0,13.19,5.844533682546051,20.383420411811358,-14.45,-14.416412058303594,-8.559469680350066,130.40782601237922,0.0,0.0,2810.172383716482,0,0,367.2289906918981,1041.373512030842,1134.8585958658143,1,0,0
2020,9,5,12,0,13.19,6.681210601724617,21.1939809008186,-13.95,-25.751832732520665,-9.002260403356303,130.40782601237922,0.0,0.0,2810.172383716482,0,0,415.8205764459841,1271.256256558247,1148.6296479935195,1,0,0
2020,9,5,12,0,13.19,5.953320694691448,8.345978127678864,-13.45,-11.153849655047777,-10.46694950461217,130.40782601237922,0.0,0.0,2810.172383716482,0,0,465.59426594149585,1193.955207184447,1040.6127568902803,1,0,0
2020,9,5,12,0,13.19,20.58878471723974,21.102751902839753,-12.95,-9.129741378351973,-25.67519686973214,130.40782601237922,0.0,0.0,2810.172383716482,0,0,516.2080422822189,1098.1168129863029,1121.2614907060708,1,0,0
2020,9,5,12,0,13.19,19.616354645370166,8.547601846921099,-12.45,-9.022791907048834,-9.886211632645296,130.40782601237922,0.0,0.0,2810.172383716482,0,0,567.4369554528367,1049.3003089907234,1073.1097728315551,1,0,0
2020,9,5,12,0,13.19,9.442713277529133,6.965736498554253,-11.95,-8.369598258583054,-12.291770303758245,130.40782601237922,0.0,0.0,2810.172383716482,0,0,619.1281291091101,1149.638647345139,1030.4298567330134,1,0,0
2020,9,5,12,0,13.19,7.076447187570617,23.20252683501451,-11.45,-8.599841947619268,-25.787991864924248,130.40782601237922,0.0,0.0,2810.172383716482,0,0,671.1745642223328,1287.516479620294,1286.0425959570048,1,0,0
2020,9,5,12,0,13.69,7.360609706926535,12.222717348473093,-23.45,-26.666109030530308,-26.40406236493517,130.40782601237922,0.0,0.0,2810.172383716482,0,0,654.8679492591168,1294.3084033525931,1005.2135528655542,1,0,0
2020,9,5,12,0,13.69,11.256620587513996,7.0936463699729835,-22.95,-26.67337481320972,-26.601679837982775,130.40782601237922,0.0,0.0,2810.172383716482,0,0,601.8735222785085,1068.8596291103202,1308.2135250907213,1,0,0
2020,9,5,12,0,13.69,23.32784908116841,7.6093451422858065,-22.45,-22.511448306309756,-10.853207101402315,130.40782601237922,0.0,0.0,2810.172383716482,0,0,549.0533846186478,1094.1807021102702,1069.8057910824157,1,0,0
2020,9,5,12,0,13.69,5.7290166084064875,22.57340854108216,-21.95,-15.57822489353696,-22.509583978761356,130.40782601237922,0.0,0.0,2810.172383716482,0,0,496.4634506741232,1020.4996169137735,1022.154005518585,1,0,0
2020,9,5,12,0,13.69,9.599949263357727,21.1505187644782,-21.45,-9.309476979567464,-9.12632945668988,130.40782601237922,0.0,0.0,2810.172383716482,0,0,444.1857785277021,1053.3159238095075,1135.485455119094,1,0,0
2020,9,5,12,0,13.69,22.695380642547363,11.166019328775942,-20.95,-24.07053648647196,-8.184533907229682,130.40782601237922,0.0,0.0,2810.172383716482,0,0,392.34549724840167,1126.7703904229902,1080.4948787558112,1,0,0
2020,9,5,12,0,13.69,20.695546699314683,22.85520295483068,-20.45,-26.579091209276154,-24.63630046020299,130.40782601237922,0.0,0.0,2810.172383716482,0,0,341.14235621954197,1171.4139162579827,1177.7460963305587,1,0,0
2020,9,5,12,0,13.69,5.759917813936905,9.354545293398825,-19.95,-11.127868640265381,-9.575891034310313,130.40782601237922,0.0,0.0,2810.172383716482,0,0,290.91327283848756,1213.2924138774993,1044.7079249602566,1,0,0
2020,9,5,12,0,13.69,7.452591399189457,21.9689078133978,-19.45,-23.89974686815649,-23.669027450239586,130.40782601237922,0.0,0.0,2810.172383716482,0,0,242.2651651991801,1069.7161062726773,1038.217342067039,1,0,0
2020,9,5,12,0,13.69,6.473164984464249,21.682585681469398,-18.95,-25.36966294776215,-23.88145352883349,130.40782601237922,0.0,0.0,2810.172383716482,0,0,196.3768318834189,1258.8498717880527,1028.6767729111095,1,0,0
2020,9,5,12,0,13.69,6.42794809527304,5.761176391959178,-18.45,-12.41864302956412,-23.5913683767633,130.40782601237922,0.0,0.0,2810.172383716482,0,0,155.7079771559617,1073.993695675973,1199.8407053369222,1,0,0
2020,9,5,12,0,13.69,19.993228758275762,7.494547201471196,-17.95,-9.18172566327343,-9.296233671387153,130.40782601237922,0.0,0.0,2810.172383716482,0,0,125.4424891837309,1056.7806904626455,1199.4387878175096,1,0,0
2020,9,5,12,0,13.69,6.391062240391206,6.673218394450607,-17.45,-24.485225567276586,-24.915251692530497,130.40782601237922,0.0,0.0,2810.172383716482,0,0,114.17719102866349,1201.8063143798975,1208.669735776305,1,0,0
2020,9,5,12,0,13.69,10.964571653610157,8.411060439991132,-16.95,-8.16081380121555,-9.85026621057948,130.40782601237922,0.0,0.0,2810.172383716482,0,0,127.07015819708684,1091.6095004283466,1086.0026198602566,1,0,0
2020,9,5,12,0,13.69,23.214621234539557,7.982583217310679,-16.45,-22.011342618854286,-23.673021943389188,130.40782601237922,0.0,0.0,2810.172383716482,0,0,158.3255705452245,1058.5870493386706,1008.8373091389028,1,0,0
2020,9,5,12,0,13.69,23.665066594876578,8.298421404152913,-15.95,-9.819235879884307,-8.219129800510718,130.40782601237922,0.0,0.0,2810.172383716482,0,0,199.4915376549572,1278.007803411813,1234.322753542611,1,0,0
2020,9,5,12,0,13.69,6.084191454182982,9.864075750207626,-15.45,-21.677731125507698,-25.758810711643783,130.40782601237922,0.0,0.0,2810.172383716482,0,0,245.63472772665625,1064.4012626144236,1049.7506118362808,1,0,0
2020,9,5,12,0,13.69,23.135832785187503,22.185799473210444,-14.95,-22.20414533104818,-26.455283975707616,130.40782601237922,0.0,0.0,2810.172383716482,0,0,294.42406434918576,1060.18391199907,1259.6025060854934,1,0,0
2020,9,5,12,0,13.69,6.18596014820635,6.653246297459777,-14.45,-10.52511177718452,-10.26427852127156,130.40782601237922,0.0,0.0,2810.172383716482,0,0,344.7377021554878,1214.4683537462722,1192.5901443051644,1,0,0
2020,9,5,12,0,13.69,7.220269454630227,6.147078501923527,-13.95,-9.90164145692922,-26.009266442993216,130.40782601237922,0.0,0.0,2810.172383716482,0,0,395.99486448075584,1172.9784735702206,1333.6685718456147,1,0,0
2020,9,5,12,0,13.69,22.920588271632717,7.037595684095995,-13.45,-23.51932506754174,-25.47720052533402,130.40782601237922,0.0,0.0,2810.172383716482,0,0,447.871525683747,1112.154781988253,1221.7770701503557,1,0,0
2020,9,5,12,0,13.69,21.871911988849483,6.377704534066083,-12.95,-11.050850556724244,-11.15431628462482,130.40782601237922,0.0,0.0,2810.172383716482,0,0,500.17476406129083,1044.5702591396048,1155.492267216361,1,0,0
2020,9,5,12,0,13.69,18.855711365962936,23.4213804004024,-12.45,-26.739629442832346,-11.52270471793997,130.40782601237922,0.0,0.0,2810.172383716482,0,0,552.7833011005463,1088.757774396537,1151.587928630186,1,0,0
2020,9,5,12,0,13.69,16.243538970503486,6.811982134231384,-11.95,-26.68055913000137,-23.330635639854897,130.40782601237922,0.0,0.0,2810.172383716482,0,0,605.6173699515722,1001.6436860222889,1087.2108181531275,1,0,0
2020,9,5,12,0,13.69,22.70144625128821,23.47456294192802,-11.45,-11.768454996183184,-9.2598855499817,130.40782601237922,0.0,0.0,2810.172383716482,0,0,658.6224831167008,1071.3439537695572,1300.0207404303076,1,0,0
2020,9,5,12,0,14.19,6.40539714158357,6.491564387242298,-23.45,-12.456237893346744,-11.910656868888719,130.40782601237922,0.0,0.0,2810.172383716482,0,0,646.7859556286347,1074.0576468145887,1097.5668863650433,1,0,0
2020,9,5,12,0,14.19,22.99238725018605,23.550320922480644,-22.95,-13.118862991107209,-8.753966187133692,130.40782601237922,0.0,0.0,2810.172383716482,0,0,593.1936765677292,1027.4789029612743,1341.7678237023229,1,0,0
2020,9,5,12,0,14.19,6.401771540304885,6.138067883571335,-22.45,-23.394409325423624,-13.197703737136344,130.40782601237922,0.0,0.0,2810.172383716482,0,0,539.6487082914589,1128.599888008259,1061.847215635822,1,0,0
2020,9,5,12,0,14.19,23.36682124675714,22.92344296891055,-21.95,-25.490110630489326,-21.95906335235009,130.40782601237922,0.0,0.0,2810.172383716482,0,0,486.1669801991197,1278.3799211365626,1027.464505163628,1,0,0
2020,9,5,12,0,14.19,23.0094896014986,21.914360210674204,-21.45,-10.824680137970331,-9.031184407943684,130.40782601237922,0.0,0.0,2810.172383716482,0,0,432.7722401802309,1156.5856291547416,1196.722185084956,1,0,0
2020,9,5,12,0,14.19,21.268131944974137,22.304358261942305,-20.95,-26.488439405131064,-25.25006090107736,130.40782601237922,0.0,0.0,2810.172383716482,0,0,379.50151442881025,1199.7265144858566,1176.3498393524192,1,0,0
2020,9,5,12,0,14.19,18.902573708587592,23.661752962142813,-20.45,-8.354370110392459,-9.341619679948085,130.40782601237922,0.0,0.0,2810.172383716482,0,0,326.41584074259464,1075.616400780938,1309.7392676262969,1,0,0
2020,9,5,12,0,14.19,6.565044996137274,23.03358873948263,-19.95,-11.082489519042321,-23.118397077128385,130.40782601237922,0.0,0.0,2810.172383716482,0,0,273.62327172806937,1143.4969410381277,1099.0285263220046,1,0,0
2020,9,5,12,0,14.19,6.925196199154242,21.506563495931424,-19.45,-10.675658704285308,-9.84121087657433,130.40782601237922,0.0,0.0,2810.172383716482,0,0,221.33398098060107,1140.1403067229662,1103.8918842452626,1,0,0
2020,9,5,12,0,14.19,5.853445721508166,23.652003637834397,-18.95,-24.074099905919073,-21.475879608941057,130.40782601237922,0.0,0.0,2810.172383716482,0,0,170.01333148369608,1221.708388465206,1078.823437873594,1,0,0
2020,9,5,12,0,14.19,6.918623999752384,6.641864252530462,-18.45,-24.701303482653227,-10.864676779450999,130.40782601237922,0.0,0.0,2810.172383716482,0,0,120.90159385420426,1172.5809076700896,1151.425102982847,1,0,0
2020,9,5,12,0,14.19,19.98634545359732,6.495762288505144,-17.95,-8.885324733680061,-22.661833573114166,130.40782601237922,0.0,0.0,2810.172383716482,0,0,78.2737917798945,1082.6679285591301,1075.7703540641314,1,0,0
2020,9,5,12,0,14.19,20.318906431789117,6.403057578334121,-17.45,-24.9856147270991,-12.772429552670467,130.40782601237922,0.0,0.0,2810.172383716482,0,0,58.5947644142994,1011.3454847768561,1057.1099775363025,1,0,0
2020,9,5,12,0,14.19,8.248981405500885,20.628067451225718,-16.95,-11.0843965298777,-25.416842919143676,130.40782601237922,0.0,0.0,2810.172383716482,0,0,80.85102341293,1000.2250364819637,1067.9078147796226,1,0,0
2020,9,5,12,0,14.19,22.763297356643648,20.980940467839698,-16.45,-25.151305547861373,-8.889510025395428,130.40782601237922,0.0,0.0,2810.172383716482,0,0,124.24731975124679,1205.6678303147492,1143.8180303490253,1,0,0
2020,9,5,12,0,14.19,23.03887931527973,21.318599377488262,-15.95,-22.94585858804799,-10.797667717365984,130.40782601237922,0.0,0.0,2810.172383716482,0,0,173.59386400655066,1089.8338448780216,1017.6316304533212,1,0,0
2020,9,5,12,0,14.19,20.095465910093836,9.794291575501354,-15.45,-9.889680711684882,-26.602404895927965,130.40782601237922,0.0,0.0,2810.172383716482,0,0,225.00915027180082,1001.7553134999522,1133.14935167339,1,0,0
2020,9,5,12,0,14.19,10.340997460853716,19.920851015951165,-14.95,-26.532073701866825,-26.496743428299034,130.40782601237922,0.0,0.0,2810.172383716482,0,0,277.3448457141203,1097.352270736481,1119.1709571553906,1,0,0
2020,9,5,12,0,14.19,7.268643868578417,23.646107051684425,-14.45,-10.669882442468577,-20.855468912991604,130.40782601237922,0.0,0.0,2810.172383716482,0,0,330.1633565487007,1111.5676516253275,1054.5608186215427,1,0,0
2020,9,5,12,0,14.19,9.691133477686817,20.30876947397083,-13.95,-8.27789101465136,-8.676197817348989,130.40782601237922,0.0,0.0,2810.172383716482,0,0,383.2649227252433,1144.1076261232533,1120.1363371192597,1,0,0
2020,9,5,12,0,14.19,19.232926891244084,23.421166404082257,-13.45,-8.259898402912725,-12.169043392955864,130.40782601237922,0.0,0.0,2810.172383716482,0,0,436.54605757395296,1100.1423930666558,1116.2750121949537,1,0,0
2020,9,5,12,0,14.19,6.246012065018359,22.630350973627515,-12.95,-21.85123396964042,-9.18175494986804,130.40782601237922,0.0,0.0,2810.172383716482,0,0,489.9479692001129,1056.6099559398815,1238.7237308452407,1,0,0
2020,9,5,12,0,14.19,6.8273373577713965,23.596133697691194,-12.45,-22.02190228719691,-19.818465339287854,130.40782601237922,0.0,0.0,2810.172383716482,0,0,543.4348369969692,1008.2786276554978,1017.6755225760093,1,0,0
2020,9,5,12,0,14.19,7.3463766579005965,12.412502872928801,-11.95,-24.921962063614462,-26.72217673419825,130.40782601237922,0.0,0.0,2810.172383716482,0,0,596.9836060648873,1154.3295695366771,1032.5031795355899,1,0,0
2020,9,5,12,0,14.19,23.227950499905234,23.311407494060255,-11.45,-20.627432626075553,-25.709142422709565,130.40782601237922,0.0,0.0,2810.172383716482,0,0,650.5787678556882,1002.9017742414806,1289.1693428331073,1,0,0
2020,9,5,12,0,14.69,7.986122237167623,23.37738999657453,-23.45,-23.69371481682123,-26.595130665921996,130.40782601237922,0.0,0.0,2810.172383716482,0,0,643.4075254778393,1010.0552825510023,1358.382158433871,1,0,0
2020,9,5,12,0,14.69,7.664536018928179,23.673007173002624,-22.95,-11.720508496823312,-11.866737469532643,130.40782601237922,0.0,0.0,2810.172383716482,0,0,589.635682526756,1003.6708750551004,1156.1877781864628,1,0,0
2020,9,5,12,0,14.69,10.892092428247357,5.798453218458438,-22.45,-9.045920033854621,-24.81324218768046,130.40782601237922,0.0,0.0,2810.172383716482,0,0,535.8632394841245,1007.1278040973239,1275.899157446648,1,0,0
2020,9,5,12,0,14.69,15.9427603808959,19.65054729364283,-21.95,-8.191079462553418,-25.930501706832718,130.40782601237922,0.0,0.0,2810.172383716482,0,0,482.09030470429053,1004.0108861086521,1052.8278493653743,1,0,0
2020,9,5,12,0,14.69,10.566125456069287,7.308094595857391,-21.45,-8.375113045086508,-8.907526588464965,130.40782601237922,0.0,0.0,2810.172383716482,0,0,428.31700748249636,1088.885686964095,1245.061444985119,1,0,0
2020,9,5,12,0,14.69,8.769175495393204,6.808102591632503,-20.95,-10.426660596139786,-22.411879975242762,130.40782601237922,0.0,0.0,2810.172383716482,0,0,374.5435131639741,1012.0853549725617,1031.7555373877722,1,0,0
2020,9,5,12,0,14.69,12.562949060543822,12.003614970623131,-20.45,-8.34487545060922,-26.60948706251803,130.40782601237922,0.0,0.0,2810.172383716482,0,0,320.7700534406152,1014.3506706023272,1033.8419312052874,1,0,0
2020,9,5,12,0,14.69,9.476581379684458,23.364493453043195,-19.95,-9.022327365532703,-12.401736145963369,130.40782601237922,0.0,0.0,2810.172383716482,0,0,266.9969932459983,1087.1593367495398,1098.8422358150017,1,0,0
2020,9,5,12,0,14.69,23.64484558031797,23.31976401391153,-19.45,-24.03289288596406,-10.922496919543406,130.40782601237922,0.0,0.0,2810.172383716482,0,0,213.2249988525551,1208.1460319103592,1177.8337923294653,1,0,0
2020,9,5,12,0,14.69,18.517662246359606,10.553300798858796,-18.95,-8.259660395402541,-8.201602629907736,130.40782601237922,0.0,0.0,2810.172383716482,0,0,159.4555460384613,1067.9991749273336,1106.5760836137329,1,0,0
2020,9,5,12,0,14.69,23.41116232865364,5.839300619679656,-18.45,-23.10763447205488,-24.72879424332248,130.40782601237922,0.0,0.0,2810.172383716482,0,0,105.69297913137027,1133.605107710515,1266.5417973731896,1,0,0
2020,9,5,12,0,14.69,9.617802593015364,22.79195509656889,-17.95,-25.323314271052464,-24.510305711373338,130.40782601237922,0.0,0.0,2810.172383716482,0,0,51.95935058898471,1024.681588334932,1163.9760523785276,1,0,0
2020,9,5,12,0,14.69,20.411397810966385,6.751089555200577,-17.45,-8.625582305774575,-22.48308093340659,130.40782601237922,0.0,0.0,2810.172383716482,0,0,3.52385504763822,1130.715315068865,1041.252033496774,1,0,0
2020,9,5,12,0,14.69,8.570103616120814,23.213769349885055,-16.95,-26.34926716377397,-11.31391230152678,130.40782601237922,0.0,0.0,2810.172383716482,0,0,55.75795319566459,1183.909091549998,1144.7254546515398,1,0,0
2020,9,5,12,0,14.69,7.900785459770502,22.733274541961862,-16.45,-26.60689020504572,-9.309355539873014,130.40782601237922,0.0,0.0,2810.172383716482,0,0,109.49590993287543,1251.4092358125442,1237.3318982825401,1,0,0
2020,9,5,12,0,14.69,23.274158049581253,7.485543416875538,-15.95,-10.892498545567065,-10.793883446166634,130.40782601237922,0.0,0.0,2810.172383716482,0,0,163.25926872541353,1175.6266140607465,1084.4351259328748,1,0,0
2020,9,5,12,0,14.69,19.845573017676315,23.56070920095307,-15.45,-8.69337260960054,-8.16782765169322,130.40782601237922,0.0,0.0,2810.172383716482,0,0,217.02898650121293,1091.9072591761837,1385.171929502104,1,0,0
2020,9,5,12,0,14.69,6.435519906723379,7.901743025358789,-14.95,-26.03390340872086,-25.8614311641424,130.40782601237922,0.0,0.0,2810.172383716482,0,0,270.80109009741744,1312.5934767174522,1187.7295851711012,1,0,0
2020,9,5,12,0,14.69,20.404879131777285,9.149036636178632,-14.45,-25.48633661013592,-25.553035896679592,130.40782601237922,0.0,0.0,2810.172383716482,0,0,324.57419534420546,1059.1566238250707,1075.2978609563945,1,0,0
2020,9,5,12,0,14.69,21.64802103379879,8.055756774799976,-13.95,-25.167402047912834,-8.456836296114872,130.40782601237922,0.0,0.0,2810.172383716482,0,0,378.3476673589558,1120.0491210220475,1229.6656719201458,1,0,0
2020,9,5,12,0,14.69,22.989574801352887,9.129865045405905,-13.45,-24.4992166623224,-8.569800834285207,130.40782601237922,0.0,0.0,2810.172383716482,0,0,432.12115431797207,1179.9801486650665,1149.837092108547,1,0,0
2020,9,5,12,0,14.69,17.725641684017916,22.046391808440546,-12.95,-8.454311085157322,-26.552391176485894,130.40782601237922,0.0,0.0,2810.172383716482,0,0,485.894430789647,1018.6423891662682,1257.5300694115033,1,0,0
2020,9,5,12,0,14.69,5.977247117250344,21.669027205677075,-12.45,-21.550796220356236,-8.837460641956344,130.40782601237922,0.0,0.0,2810.172383716482,0,0,539.6673347230463,1069.3053238476093,1194.6802852359533,1,0,0
2020,9,5,12,0,14.69,6.301694724745265,23.48257809210331,-11.95,-11.327208910053473,-11.632017012301338,130.40782601237922,0.0,0.0,2810.172383716482,0,0,593.4397386888597,1151.227488423115,1151.1028244072934,1,0,0
2020,9,5,12,0,14.69,7.053438119506082,22.12310568493507,-11.45,-23.1224377103015,-10.84310551247218,130.40782601237922,0.0,0.0,2810.172383716482,0,0,647.2115354521541,1052.0072831932846,1079.684359392104,1,0,0
2020,9,5,12,0,15.19,5.760758908371046,5.7241638790840055,-23.45,-25.620032869401765,-22.521200052429073,130.40782601237922,0.0,0.0,2810.172383716482,0,0,644.8065959649588,1336.2926766522494,1142.3513570641708,1,0,0
2020,9,5,12,0,15.19,23.65833430831831,22.57893324627353,-22.95,-8.611011667819387,-23.72910544444393,130.40782601237922,0.0,0.0,2810.172383716482,0,0,591.2920074880644,1360.5460722488674,1094.7722869482031,1,0,0
2020,9,5,12,0,15.19,21.095250308650314,22.299350315059343,-22.45,-26.65573141942603,-11.536850141220905,130.40782601237922,0.0,0.0,2810.172383716482,0,0,537.8156458823985,1202.7926436168887,1049.3804220863424,1,0,0
2020,9,5,12,0,15.19,7.82229878746447,22.404590739545192,-21.95,-25.32007087570173,-23.79749279424316,130.40782601237922,0.0,0.0,2810.172383716482,0,0,484.3904892505174,1148.8856799803311,1083.9929452587435,1,0,0
2020,9,5,12,0,15.19,6.702593066334686,22.337939886931096,-21.45,-25.23540183301823,-24.23858087889055,130.40782601237922,0.0,0.0,2810.172383716482,0,0,431.0359002252332,1230.0539029576457,1107.5682294324156,1,0,0
2020,9,5,12,0,15.19,21.898835323549164,6.201884850042237,-20.95,-23.26191044311532,-21.09535570402655,130.40782601237922,0.0,0.0,2810.172383716482,0,0,377.78210766514866,1005.6134586242048,1026.3840230084916,1,0,0
2020,9,5,12,0,15.19,8.70061857345765,13.029259437591511,-20.45,-24.413558809798587,-26.663151668823065,130.40782601237922,0.0,0.0,2810.172383716482,0,0,324.6790502711104,1009.3713306072096,1010.1381941631153,1,0,0
2020,9,5,12,0,15.19,9.271200052969224,5.736391602190306,-19.95,-26.535073940234618,-11.360641904594145,130.40782601237922,0.0,0.0,2810.172383716482,0,0,271.81543582928236,1156.8861020099193,1201.1297069131201,1,0,0
2020,9,5,12,0,15.19,6.247856160172269,21.58585779772544,-19.45,-11.264657959699123,-24.162917171693085,130.40782601237922,0.0,0.0,2810.172383716482,0,0,219.36480425534273,1160.1045479672946,1040.6847090012159,1,0,0
2020,9,5,12,0,15.19,22.652881149980175,6.175181314609574,-18.95,-22.38435098321529,-26.514239285057183,130.40782601237922,0.0,0.0,2810.172383716482,0,0,167.71545839760674,1022.9206476476851,1370.631987785156,1,0,0
2020,9,5,12,0,15.19,6.951216177551193,9.872850343515518,-18.45,-8.602641102316689,-26.129488863840265,130.40782601237922,0.0,0.0,2810.172383716482,0,0,117.92542343692607,1296.6518787467417,1083.9794977721926,1,0,0
2020,9,5,12,0,15.19,6.799078516783026,9.59403019825766,-17.95,-9.838485091986705,-9.265563092200484,130.40782601237922,0.0,0.0,2810.172383716482,0,0,73.85648921594009,1211.7853197819222,1057.6963111719729,1,0,0
2020,9,5,12,0,15.19,23.608109576960956,21.832356867441582,-17.45,-20.472847655718056,-24.742320089983664,130.40782601237922,0.0,0.0,2810.172383716482,0,0,52.66540006579877,1037.7130249900165,1102.243906649034,1,0,0
2020,9,5,12,0,15.19,21.46853581731189,6.881256434549002,-16.95,-23.836255327303046,-22.72193940650525,130.40782601237922,0.0,0.0,2810.172383716482,0,0,76.57028916299413,1007.9866031424285,1043.012631283379,1,0,0
2020,9,5,12,0,15.19,20.961264712010347,21.277680599168278,-16.45,-9.756811473699532,-25.851297080889193,130.40782601237922,0.0,0.0,2810.172383716482,0,0,121.33779208934574,1071.1425721021496,1147.6249839392551,1,0,0
2020,9,5,12,0,15.19,7.966544183655927,23.041543095389223,-15.95,-10.995760346286046,-25.78709463481797,130.40782601237922,0.0,0.0,2810.172383716482,0,0,171.32761381179424,1029.8374452248659,1273.2212827104129,1,0,0
2020,9,5,12,0,15.19,11.147856413080056,6.398711699904741,-15.45,-26.434377408758365,-13.184895763507592,130.40782601237922,0.0,0.0,2810.172383716482,0,0,223.05561946650258,1049.4503978632774,1036.443986872482,1,0,0
2020,9,5,12,0,15.19,5.836409996034887,22.474245238692085,-14.95,-26.663469387074084,-26.161781302552196,130.40782601237922,0.0,0.0,2810.172383716482,0,0,275.5444259294369,1408.9077879866197,1257.6756569381132,1,0,0
2020,9,5,12,0,15.19,7.3627732316328185,22.590845501626177,-14.45,-11.82295263558556,-23.88238825361198,130.40782601237922,0.0,0.0,2810.172383716482,0,0,328.4292653035963,1023.5169348858444,1105.5890158830132,1,0,0
2020,9,5,12,0,15.19,22.126510647795307,9.387873704369959,-13.95,-11.146952220992727,-25.55576218695377,130.40782601237922,0.0,0.0,2810.172383716482,0,0,381.54528194771217,1059.5495119236982,1060.179115787054,1,0,0
2020,9,5,12,0,15.19,5.726556501715913,6.535936623990042,-13.45,-24.20582753086247,-9.560866273950474,130.40782601237922,0.0,0.0,2810.172383716482,0,0,434.80754220086436,1241.6762869734928,1254.0877285886,1,0,0
2020,9,5,12,0,15.19,17.99954934843771,7.585015515188978,-12.95,-26.7046713440741,-26.201740126309968,130.40782601237922,0.0,0.0,2810.172383716482,0,0,488.16795380129344,1050.722808694216,1239.1124623428398,1,0,0
2020,9,5,12,0,15.19,7.213194424345914,23.307917507085754,-12.45,-23.61063677030025,-21.38481233753478,130.40782601237922,0.0,0.0,2810.172383716482,0,0,541.5972755527379,1070.0956877183253,1040.070572072131,1,0,0
2020,9,5,12,0,15.19,19.792141381829587,22.91942485235245,-11.95,-25.311064503897693,-11.789606330674449,130.40782601237922,0.0,0.0,2810.172383716482,0,0,595.0767111606008,1005.7544545247611,1090.0623032922413,1,0,0
2020,9,5,12,0,15.19,8.887870952141878,19.187353144299472,-11.45,-10.149123500032193,-25.80868957230835,130.40782601237922,0.0,0.0,2810.172383716482,0,0,648.5936258527922,1026.628570472486,1016.6512491643492,1,0,0
2020,9,5,12,0,15.69,23.653612806019915,7.003302578431295,-23.45,-14.228736738900533,-12.30145596518323,130.40782601237922,0.0,0.0,2810.172383716482,0,0,650.9523631571834,1050.1919809674248,1026.3407179236478,1,0,0
2020,9,5,12,0,15.69,21.757257716616415,8.77989190626867,-22.95,-23.45974048426335,-25.106775215848614,130.40782601237922,0.0,0.0,2810.172383716482,0,0,598.1193339215754,1006.305827203257,1061.4414830855112,1,0,0
2020,9,5,12,0,15.69,22.963531335176263,22.77824695803487,-22.45,-22.05391923015362,-9.82181248963126,130.40782601237922,0.0,0.0,2810.172383716482,0,0,545.4443148807129,1035.9986375459473,1204.2216144817187,1,0,0
2020,9,5,12,0,15.69,10.545092029757747,8.158531488402621,-21.95,-26.419950286661567,-9.741920320833486,130.40782601237922,0.0,0.0,2810.172383716482,0,0,492.9782803904426,1076.1621951912089,1113.4819694768828,1,0,0
2020,9,5,12,0,15.69,11.034915871705266,7.842752553140269,-21.45,-26.56146071852165,-25.03845163546436,130.40782601237922,0.0,0.0,2810.172383716482,0,0,440.7961851113439,1067.1592401213757,1124.6492988152108,1,0,0
2020,9,5,12,0,15.69,8.732996491327192,11.819159347916022,-20.95,-25.52011031526611,-8.358230773149444,130.40782601237922,0.0,0.0,2810.172383716482,0,0,389.01263750530586,1100.2133185571736,1037.0297018964027,1,0,0
2020,9,5,12,0,15.69,6.068544069213372,6.387621388643439,-20.45,-12.971029649235435,-24.4518651612344,130.40782601237922,0.0,0.0,2810.172383716482,0,0,337.8113030372951,1079.856165887032,1199.7842514471417,1,0,0
2020,9,5,12,0,15.69,19.932155177399917,22.397452177461545,-19.95,-8.495092007647948,-22.794969932173995,130.40782601237922,0.0,0.0,2810.172383716482,0,0,287.50374779565993,1114.6753016084483,1021.8254641966143,1,0,0
2020,9,5,12,0,15.69,18.261735952014515,21.201900786196852,-19.45,-8.181618459722,-8.773270507839658,130.40782601237922,0.0,0.0,2810.172383716482,0,0,238.65620190401773,1065.416595235693,1168.1047303309194,1,0,0
2020,9,5,12,0,15.69,21.709631957703785,10.931397553492603,-18.95,-25.305379244445703,-26.51284372852946,130.40782601237922,0.0,0.0,2810.172383716482,0,0,192.38436609326158,1135.2242740043062,1066.9609963782505,1,0,0
2020,9,5,12,0,15.69,23.33256052944744,23.4000975782553,-18.45,-24.83220994510774,-26.27496593265891,130.40782601237922,0.0,0.0,2810.172383716482,0,0,151.07413526660872,1231.0809853974713,1336.6744424863182,1,0,0
2020,9,5,12,0,15.69,5.796473765454116,7.079526936336487,-17.95,-15.113587182024181,-11.092182457402478,130.40782601237922,0.0,0.0,2810.172383716482,0,0,119.96585819690173,1024.7092159403242,1097.7040880458123,1,0,0
2020,9,5,12,0,15.69,6.188410658986596,8.888482731327578,-17.45,-9.256123401941117,-8.792767880473928,130.40782601237922,0.0,0.0,2810.172383716482,0,0,108.2452162723318,1305.3225490732918,1144.8084686562934,1,0,0
2020,9,5,12,0,15.69,23.05330746264339,20.948940556670614,-16.95,-21.28868566915499,-25.379095811037647,130.40782601237922,0.0,0.0,2810.172383716482,0,0,121.65141797961343,1010.212051607917,1086.5273439901734,1,0,0
2020,9,5,12,0,15.69,9.246525530110443,9.416351199338392,-16.45,-9.663275359722128,-8.88436422388386,130.40782601237922,0.0,0.0,2810.172383716482,0,0,153.7462615488625,1044.002745581923,1103.4904530964925,1,0,0
2020,9,5,12,0,15.69,11.873804401482557,8.10473090208784,-15.95,-8.251174635833976,-25.29504358877899,130.40782601237922,0.0,0.0,2810.172383716482,0,0,195.5339276795638,1046.0907692438007,1125.819606782366,1,0,0
2020,9,5,12,0,15.69,23.64991489893802,19.41002959068676,-15.45,-10.901501750846492,-26.47414034504329,130.40782601237922,0.0,0.0,2810.172383716482,0,0,242.0450429673544,1208.6609504176342,1090.012331951434,1,0,0
2020,9,5,12,0,15.69,22.178423031114242,7.908658494248341,-14.95,-8.983683568445684,-8.6905633306712,130.40782601237922,0.0,0.0,2810.172383716482,0,0,291.023476952642,1219.6746179422914,1219.6989100106323,1,0,0
2020,9,5,12,0,15.69,20.681550516807018,21.598723098625605,-14.45,-8.205784667894036,-8.716569662944579,130.40782601237922,0.0,0.0,2810.172383716482,0,0,341.40879301559187,1183.7235675550087,1199.5874016508378,1,0,0
2020,9,5,12,0,15.69,9.47472098196749,20.342118078022736,-13.95,-8.238133104121715,-25.82779447162519,130.40782601237922,0.0,0.0,2810.172383716482,0,0,392.65956649405643,1160.1096590763061,1084.477953462852,1,0,0
2020,9,5,12,0,15.69,6.083577639721112,23.275491917739345,-13.45,-14.471628937316595,-22.015423521043978,130.40782601237922,0.0,0.0,2810.172383716482,0,0,444.47629903367016,1014.2298698392058,1064.782136792671,1,0,0
2020,9,5,12,0,15.69,6.685070024093044,11.829642039820047,-12.95,-11.361103820600743,-26.269342803635865,130.40782601237922,0.0,0.0,2810.172383716482,0,0,496.68166062379345,1114.4199375563517,1005.0368269760436,1,0,0
2020,9,5,12,0,15.69,22.347763033820783,23.56984475010865,-12.45,-8.895156807155892,-21.037141106102,130.40782601237922,0.0,0.0,2810.172383716482,0,0,549.1645945568856,1238.9863542383298,1053.2349696247181,1,0,0
2020,9,5,12,0,15.69,21.62755669437493,21.823848544891987,-11.95,-24.350474386145287,-25.429611478466438,130.40782601237922,0.0,0.0,2810.172383716482,0,0,601.8522507218379,1057.5314222718048,1153.254995542756,1,0,0
2020,9,5,12,0,15.69,7.34238890579634,5.888536342001503,-11.45,-24.9732662344465,-10.686630819198726,130.40782601237922,0.0,0.0,2810.172383716482,0,0,654.6949613617468,1158.5935221642496,1229.9457210850244,1,0,0
2020,9,5,12,0,16.189999999999998,11.837453529887153,7.94629166970374,-23.45,-8.172196036620726,-25.248509386579055,130.40782601237922,0.0,0.0,2810.172383716482,0,0,661.712581783154,1055.526699428884,1133.7666063873194,1,0,0
2020,9,5,12,0,16.189999999999998,10.718592637002093,19.179564773700577,-22.95,-8.212162951209368,-8.454175511922767,130.40782601237922,0.0,0.0,2810.172383716482,0,0,609.9440426542373,1097.685577033178,1079.1975380040296,1,0,0
2020,9,5,12,0,16.189999999999998,6.667277879164034,6.431071231024057,-22.45,-11.51811893002165,-22.159642109366075,130.40782601237922,0.0,0.0,2810.172383716482,0,0,558.5167009871471,1105.8637850754208,1054.202030856364,1,0,0
2020,9,5,12,0,16.189999999999998,23.68860980881142,8.573733940567015,-21.95,-8.685881893072743,-24.897030566446904,130.40782601237922,0.0,0.0,2810.172383716482,0,0,507.5346071888455,1357.6082129796082,1058.5255412211284,1,0,0
2020,9,5,12,0,16.189999999999998,22.891125227545793,21.728398218562624,-21.45,-12.169454127107477,-10.2359692984259,130.40782601237922,0.0,0.0,2810.172383716482,0,0,457.1470733741432,1066.0626410278744,1090.9786878892148,1,0,0
2020,9,5,12,0,16.189999999999998,8.64953472541703,23.49837635082889,-20.95,-9.388300565276825,-11.38810152426145,130.40782601237922,0.0,0.0,2810.172383716482,0,0,407.57499487742035,1108.2719516295174,1166.3696006344915,1,0,0
2020,9,5,12,0,16.189999999999998,7.312072990542758,7.24443190654118,-20.45,-25.951159717697553,-25.402490849245883,130.40782601237922,0.0,0.0,2810.172383716482,0,0,359.1565105364836,1238.505107954783,1199.730741908974,1,0,0
2020,9,5,12,0,16.189999999999998,9.249299432416304,18.589737012823747,-19.95,-24.78633471799342,-8.940922518120047,130.40782601237922,0.0,0.0,2810.172383716482,0,0,312.4287368567069,1001.3642073991542,1005.0249778628485,1,0,0
2020,9,5,12,0,16.189999999999998,23.37392978141522,7.884105240862972,-19.45,-25.586359023327805,-26.413317003087997,130.40782601237922,0.0,0.0,2810.172383716482,0,0,268.2769017610286,1285.634311587987,1235.8524479712344,1,0,0
2020,9,5,12,0,16.189999999999998,6.669598578324309,21.235731702780257,-18.95,-24.498893801286332,-10.072235905926252,130.40782601237922,0.0,0.0,2810.172383716482,0,0,228.20140018021524,1178.8880373731236,1065.990930625081,1,0,0
2020,9,5,12,0,16.189999999999998,8.16430093870255,6.742243790821799,-18.45,-24.22848674539739,-24.51083642670771,130.40782601237922,0.0,0.0,2810.172383716482,0,0,194.73564735094266,1035.8927374746215,1173.5697570435873,1,0,0
2020,9,5,12,0,16.189999999999998,23.392762394366407,16.656608128216146,-17.95,-10.738926252001676,-26.591671409248946,130.40782601237922,0.0,0.0,2810.172383716482,0,0,171.7872303241462,1195.6166679099983,1000.1595521854653,1,0,0
2020,9,5,12,0,16.189999999999998,7.901396377374435,21.904656735579223,-17.45,-8.518898692670128,-11.204375392343348,130.40782601237922,0.0,0.0,2810.172383716482,0,0,163.83700741786086,1234.9221419246967,1036.912691385375,1,0,0
2020,9,5,12,0,16.189999999999998,22.579529745129307,22.654078638720286,-16.95,-8.899333879624859,-26.73745707205779,130.40782601237922,0.0,0.0,2810.172383716482,0,0,172.9656736828083,1255.977275671129,1315.3393441003293,1,0,0
2020,9,5,12,0,16.189999999999998,7.111913425480947,5.90756227119191,-16.45,-26.384262498591596,-13.644796515157644,130.40782601237922,0.0,0.0,2810.172383716482,0,0,196.8108576577808,1288.8866640344827,1064.8959293815312,1,0,0
2020,9,5,12,0,16.189999999999998,21.705639789814832,9.074099772894684,-15.95,-8.290435627156665,-25.186915479556635,130.40782601237922,0.0,0.0,2810.172383716482,0,0,230.8564176375143,1241.7084014298787,1048.0529327163963,1,0,0
2020,9,5,12,0,16.189999999999998,5.84237890603249,22.949296544127783,-15.45,-23.662857689271846,-9.18099094942475,130.40782601237922,0.0,0.0,2810.172383716482,0,0,271.2887043761174,1196.7192806551527,1263.5942610565917,1,0,0
2020,9,5,12,0,16.189999999999998,21.438740448088225,9.745412890109746,-14.95,-9.777374756873186,-26.244257471231432,130.40782601237922,0.0,0.0,2810.172383716482,0,0,315.6628430883469,1103.8225185308445,1102.038249128282,1,0,0
2020,9,5,12,0,16.189999999999998,21.680176243167523,19.571609126542423,-14.45,-24.159291640883925,-8.607834752871891,130.40782601237922,0.0,0.0,2810.172383716482,0,0,362.5340711526226,1048.0087241427395,1084.8138890429946,1,0,0
2020,9,5,12,0,16.189999999999998,10.34402438347813,23.210398030176293,-13.95,-8.666175375816483,-20.672947288285886,130.40782601237922,0.0,0.0,2810.172383716482,0,0,411.0488483473723,1071.703933946904,1002.6613792504439,1,0,0
2020,9,5,12,0,16.189999999999998,21.816886791022448,11.055140286532605,-13.45,-9.255263967185222,-26.26436673417467,130.40782601237922,0.0,0.0,2810.172383716482,0,0,460.68800305432177,1172.1293352885484,1036.5836815777152,1,0,0
2020,9,5,12,0,16.189999999999998,7.719275861719384,9.2345642193527,-12.95,-26.32552549500618,-8.197480971262252,130.40782601237922,0.0,0.0,2810.172383716482,0,0,511.1238201509641,1239.9343857141296,1177.8860695874075,1,0,0
2020,9,5,12,0,16.189999999999998,23.490937810460586,9.943460499265981,-12.45,-23.758659231403914,-8.512702081766687,130.40782601237922,0.0,0.0,2810.172383716482,0,0,562.1416725785091,1177.968683139392,1107.831727529393,1,0,0
2020,9,5,12,0,16.189999999999998,9.039041847618284,23.403089105977266,-11.95,-10.196034790342306,-14.204999914324864,130.40782601237922,0.0,0.0,2810.172383716482,0,0,613.5961543428724,1011.9502643243544,1024.796586213465,1,0,0
2020,9,5,12,0,16.189999999999998,21.819986491770692,17.29497950126879,-11.45,-10.582729991011067,-8.219801566707865,130.40782601237922,0.0,0.0,2810.172383716482,0,0,665.3857323091061,1073.039587021352,1029.0125926492926,1,0,0
2020,9,5,12,0,16.689999999999998,8.668021843216684,5.721756677494785,-23.45,-26.06130234276602,-14.10794106305891,130.40782601237922,0.0,0.0,2810.172383716482,0,0,676.8672164029666,1151.9479252483504,1065.4796443533864,1,0,0
2020,9,5,12,0,16.689999999999998,22.843455834059206,18.06806911509468,-22.95,-26.35553210603544,-8.299428261709377,130.40782601237922,0.0,0.0,2810.172383716482,0,0,626.4832226862873,1299.9650516742038,1046.37390455451,1,0,0
2020,9,5,12,0,16.689999999999998,10.710015326885063,21.21573860394168,-22.45,-26.449500815893604,-9.937467969146603,130.40782601237922,0.0,0.0,2810.172383716482,0,0,576.6627097517438,1071.0296353297986,1075.0162917752668,1,0,0
2020,9,5,12,0,16.689999999999998,19.76786547534836,20.755071844157342,-21.95,-25.97194437265014,-9.614214871509088,130.40782601237922,0.0,0.0,2810.172383716482,0,0,527.5656566290083,1063.1587445862635,1068.5119159683672,1,0,0
2020,9,5,12,0,16.689999999999998,6.667847843461779,8.936362075599522,-21.45,-11.328322553466403,-8.908331466618748,130.40782601237922,0.0,0.0,2810.172383716482,0,0,479.41470105952544,1118.1062026216325,1131.37415318584,1,0,0
2020,9,5,12,0,16.689999999999998,6.082448955816797,6.005709666436073,-20.95,-12.08624638797712,-9.35315095270376,130.40782601237922,0.0,0.0,2810.172383716482,0,0,432.52624517489096,1125.801577336011,1313.1273528222139,1,0,0
2020,9,5,12,0,16.689999999999998,22.393014187735943,8.031397452248196,-20.45,-8.96535271851237,-9.995190168717503,130.40782601237922,0.0,0.0,2810.172383716482,0,0,387.3593328187521,1236.9833242451266,1102.390759240138,1,0,0
2020,9,5,12,0,16.689999999999998,22.103044194550257,23.29871491524706,-19.95,-24.402330171290274,-24.99356928076161,130.40782601237922,0.0,0.0,2810.172383716482,0,0,344.5918781306324,1099.4596162400344,1238.942780265222,1,0,0
2020,9,5,12,0,16.689999999999998,7.309583253030445,7.505277510380679,-19.45,-11.80879508133819,-11.678022514890916,130.40782601237922,0.0,0.0,2810.172383716482,0,0,305.2344294769771,1029.2028285884978,1020.5190025086347,1,0,0
2020,9,5,12,0,16.689999999999998,5.781469631959647,10.058362906270904,-18.95,-15.094188033088848,-9.573403153237813,130.40782601237922,0.0,0.0,2810.172383716482,0,0,270.77828379548475,1026.8591391136597,1001.4323882839541,1,0,0
2020,9,5,12,0,16.689999999999998,22.6342578609935,19.65872557397267,-18.45,-25.218550623695595,-26.010628257166587,130.40782601237922,0.0,0.0,2810.172383716482,0,0,243.31489764573806,1200.0836901082848,1060.5501260668038,1,0,0
2020,9,5,12,0,16.689999999999998,22.5523987212798,22.69688320526638,-17.95,-12.374420302845161,-26.145653893254945,130.40782601237922,0.0,0.0,2810.172383716482,0,0,225.4149886043798,1022.9993041920533,1273.0926327449833,1,0,0
2020,9,5,12,0,16.689999999999998,8.622324190267582,23.174134703419604,-17.45,-25.805079837674757,-12.254622870697471,130.40782601237922,0.0,0.0,2810.172383716482,0,0,219.43167233891373,1132.517200477769,1088.2254786928067,1,0,0
2020,9,5,12,0,16.689999999999998,5.829128137725733,7.635244392763356,-16.95,-13.983389627449169,-24.430411972689175,130.40782601237922,0.0,0.0,2810.172383716482,0,0,226.31212845833926,1059.0796524925377,1093.654216784177,1,0,0
2020,9,5,12,0,16.689999999999998,22.299021526387897,21.378127926377708,-16.45,-11.932700317627065,-24.105479820333212,130.40782601237922,0.0,0.0,2810.172383716482,0,0,244.97481901989931,1025.076449661241,1019.9849269080845,1,0,0
2020,9,5,12,0,16.689999999999998,5.936605641872076,6.1655566062204645,-15.95,-23.989244616361532,-23.731147982874827,130.40782601237922,0.0,0.0,2810.172383716482,0,0,273.0140236792097,1208.7232194716132,1171.4335209220114,1,0,0
2020,9,5,12,0,16.689999999999998,8.089254317911514,6.000923787251351,-15.45,-25.65997102293677,-23.436034315924548,130.40782601237922,0.0,0.0,2810.172383716482,0,0,307.8783589549686,1157.3242437405622,1168.1270593252245,1,0,0
2020,9,5,12,0,16.689999999999998,21.14673618459163,8.377419926381066,-14.95,-10.215895145191329,-25.625895952661875,130.40782601237922,0.0,0.0,2810.172383716482,0,0,347.5195378957033,1048.2882043653556,1133.9592879250229,1,0,0
2020,9,5,12,0,16.689999999999998,9.005810306514805,7.808711638646551,-14.45,-26.316182101531528,-24.183979882746435,130.40782601237922,0.0,0.0,2810.172383716482,0,0,390.48527234475216,1153.0297732911597,1061.006892885312,1,0,0
2020,9,5,12,0,16.689999999999998,11.404065140348536,7.778074921329879,-13.95,-8.434754088363068,-9.2088481895888,130.40782601237922,0.0,0.0,2810.172383716482,0,0,435.793142239219,1045.2756121715367,1185.484298255877,1,0,0
2020,9,5,12,0,16.689999999999998,21.816626965619562,20.799739542575026,-13.45,-9.081091743348363,-8.838198422350647,130.40782601237922,0.0,0.0,2810.172383716482,0,0,482.78397306608997,1185.7534730907428,1136.417293038316,1,0,0
2020,9,5,12,0,16.689999999999998,23.10325985563194,22.890406900855844,-12.95,-12.428476159411215,-11.146091831771619,130.40782601237922,0.0,0.0,2810.172383716482,0,0,531.0109339505424,1072.3531982041552,1125.9543271400796,1,0,0
2020,9,5,12,0,16.689999999999998,9.723662308105911,7.189897700581628,-12.45,-25.946274206418696,-23.113702030852338,130.40782601237922,0.0,0.0,2810.172383716482,0,0,580.1656066902751,1075.4374566725855,1039.1160858639942,1,0,0
2020,9,5,12,0,16.689999999999998,8.888635771661564,22.910567900144713,-11.95,-8.724392925932875,-9.492809123506525,130.40782601237922,0.0,0.0,2810.172383716482,0,0,630.0306472101001,1150.9375772054577,1238.1322226162652,1,0,0
2020,9,5,12,0,16.689999999999998,9.96930984013042,8.786519747360071,-11.45,-25.94418832035765,-9.276461466376592,130.40782601237922,0.0,0.0,2810.172383716482,0,0,680.4496524500134,1061.0510186459965,1108.6655069295293,1,0,0
2020,9,5,12,0,17.189999999999998,9.598985578390376,22.72030114798553,-23.45,-26.13164164042816,-21.98925184848437,130.40782601237922,0.0,0.0,2810.172383716482,0,0,696.1293257324678,1100.0152041227452,1009.0955964800488,1,0,0
2020,9,5,12,0,17.189999999999998,5.777577509410631,6.563597168001042,-22.95,-15.442322682470843,-10.957172219962677,130.40782601237922,0.0,0.0,2810.172383716482,0,0,647.3756355184062,1018.3349778121,1152.0164492326605,1,0,0
2020,9,5,12,0,17.189999999999998,10.518176460020696,21.558439814608946,-22.45,-8.749639737486863,-9.187031398116492,130.40782601237922,0.0,0.0,2810.172383716482,0,0,599.4217415833542,1054.6600219959803,1158.9172089603865,1,0,0
2020,9,5,12,0,17.189999999999998,6.244037481484028,7.082655456435404,-21.95,-12.227448057630657,-10.902810601304479,130.40782601237922,0.0,0.0,2810.172383716482,0,0,552.4762584976246,1102.362645768599,1110.6415813142803,1,0,0
2020,9,5,12,0,17.189999999999998,15.8930480997834,23.43926589990385,-21.45,-26.720093442613997,-12.866929388920301,130.40782601237922,0.0,0.0,2810.172383716482,0,0,506.8197920220263,1000.8219610004697,1083.4427669691884,1,0,0
2020,9,5,12,0,17.189999999999998,21.009899987845547,5.81592336111391,-20.95,-8.635041144767172,-26.49589294202314,130.40782601237922,0.0,0.0,2810.172383716482,0,0,462.8342679770787,1167.1390697079023,1397.5358656455387,1,0,0
2020,9,5,12,0,17.189999999999998,10.604374341508386,7.626475260936882,-20.45,-9.263912343318331,-8.563416373592094,130.40782601237922,0.0,0.0,2810.172383716482,0,0,421.0439838763165,1000.4020575180367,1250.466339735288,1,0,0
2020,9,5,12,0,17.189999999999998,5.739929808589546,10.557142672924043,-19.95,-22.808549745404616,-8.592780256364556,130.40782601237922,0.0,0.0,2810.172383716482,0,0,382.1700469969967,1156.3453477746957,1067.997170342566,1,0,0
2020,9,5,12,0,17.189999999999998,19.514368913900036,23.67919955138379,-19.45,-25.974491892808146,-25.892331133271377,130.40782601237922,0.0,0.0,2810.172383716482,0,0,347.1936995164202,1049.33886052187,1331.7341305830075,1,0,0
2020,9,5,12,0,17.189999999999998,18.506574840535645,23.52305843694505,-18.95,-25.98220718887053,-24.465779169779207,130.40782601237922,0.0,0.0,2810.172383716482,0,0,317.4062756781577,1000.1022751327362,1223.8942127505943,1,0,0
2020,9,5,12,0,17.189999999999998,12.485310747124615,5.882130096599084,-18.45,-8.43734972528306,-21.01781047063376,130.40782601237922,0.0,0.0,2810.172383716482,0,0,294.3873221270959,1006.889247206642,1056.1938220044829,1,0,0
2020,9,5,12,0,17.189999999999998,21.88575701125668,7.6753338147731895,-17.95,-24.019318066931344,-8.951755420860842,130.40782601237922,0.0,0.0,2810.172383716482,0,0,279.81243871465887,1054.9806793313612,1214.3403650294192,1,0,0
2020,9,5,12,0,17.189999999999998,19.749954255918215,20.970709412989983,-17.45,-8.476023548423534,-25.694219900195822,130.40782601237922,0.0,0.0,2810.172383716482,0,0,275.027468306789,1106.4483064773488,1113.8637065479247,1,0,0
2020,9,5,12,0,17.189999999999998,20.94272528081007,21.40553407249321,-16.95,-10.619061871037147,-8.825492061550595,130.40782601237922,0.0,0.0,2810.172383716482,0,0,280.5338359410316,1002.0534953149315,1177.4900114416982,1,0,0
2020,9,5,12,0,17.189999999999998,9.35070013334439,8.50876308425046,-16.45,-26.269609612674536,-8.748714579392601,130.40782601237922,0.0,0.0,2810.172383716482,0,0,295.75726127718923,1127.5850337450006,1173.5788233207325,1,0,0
2020,9,5,12,0,17.189999999999998,23.42710517521496,8.872892798455208,-15.95,-12.043456198364776,-24.472107370312756,130.40782601237922,0.0,0.0,2810.172383716482,0,0,319.310869332318,1123.4624311881353,1001.4537409099211,1,0,0
2020,9,5,12,0,17.189999999999998,21.931905477722395,7.210589121823229,-15.45,-23.286074823226166,-8.231545122408459,130.40782601237922,0.0,0.0,2810.172383716482,0,0,349.514478523741,1010.0436796252526,1308.2528963696384,1,0,0
2020,9,5,12,0,17.189999999999998,22.934674107147373,10.695664387394704,-14.95,-8.336167155439409,-26.42601322154196,130.40782601237922,0.0,0.0,2810.172383716482,0,0,384.80522280758726,1325.2640996457196,1069.403988067744,1,0,0
2020,9,5,12,0,17.189999999999998,9.165788765645772,17.840686297333253,-14.45,-9.308726472328715,-26.539163985106555,130.40782601237922,0.0,0.0,2810.172383716482,0,0,423.9143172308851,1080.7662268660458,1028.4726679373882,1,0,0
2020,9,5,12,0,17.189999999999998,8.113872115317974,5.976117038626748,-13.95,-9.02120806187964,-24.84916518568451,130.40782601237922,0.0,0.0,2810.172383716482,0,0,465.8809450305825,1177.067031272687,1262.9863838807184,1,0,0
2020,9,5,12,0,17.189999999999998,6.919770323531274,7.216698289564173,-13.45,-9.920770674977756,-10.369476458805021,130.40782601237922,0.0,0.0,2810.172383716482,0,0,509.9999646346148,1195.7680593136058,1137.9504077385113,1,0,0
2020,9,5,12,0,17.189999999999998,12.608366642552998,6.5843799858444445,-12.95,-8.189294407545614,-23.065316910438217,130.40782601237922,0.0,0.0,2810.172383716482,0,0,555.7587848135087,1029.4378092047305,1091.4131274600968,1,0,0
2020,9,5,12,0,17.189999999999998,6.484467742388123,10.962851082214812,-12.45,-8.826759856301951,-26.05691745784777,130.40782601237922,0.0,0.0,2810.172383716482,0,0,602.7838437798422,1314.576865814762,1020.2538463646688,1,0,0
2020,9,5,12,0,17.189999999999998,11.66555406417256,10.043312882416403,-11.95,-8.75500883521267,-8.386812475035157,130.40782601237922,0.0,0.0,2810.172383716482,0,0,650.8004728729504,1002.2356778754914,1114.474321204155,1,0,0
2020,9,5,12,0,17.189999999999998,6.1901031577676235,8.090279701537963,-11.45,-23.461187415047345,-24.07509576360477,130.40782601237922,0.0,0.0,2810.172383716482,0,0,699.6042870461774,1152.1975810308254,1030.0156978229902,1,0,0
2020,9,5,12,0,17.689999999999998,20.00067386275522,7.380069346103453,-23.45,-8.6699669160713,-24.484964831381156,130.40782601237922,0.0,0.0,2810.172383716482,0,0,719.1689397584996,1102.7586395932483,1118.5189367608677,1,0,0
2020,9,5,12,0,17.689999999999998,7.63276791564766,18.44265245343147,-22.95,-11.177244935772094,-26.181233750018347,130.40782601237922,0.0,0.0,2810.172383716482,0,0,672.2155056221367,1044.3421078179797,1016.5949792081326,1,0,0
2020,9,5,12,0,17.689999999999998,7.180046012678482,7.434145696071499,-22.45,-25.442171218546672,-23.525505928352835,130.40782601237922,0.0,0.0,2810.172383716482,0,0,626.2910919247846,1207.8728014959822,1045.0188828133423,1,0,0
2020,9,5,12,0,17.689999999999998,6.03515684135426,23.59403107700679,-21.95,-14.662689728193303,-11.579297963746827,130.40782601237922,0.0,0.0,2810.172383716482,0,0,581.639799884175,1012.8233413450868,1164.418276444724,1,0,0
2020,9,5,12,0,17.689999999999998,9.406279707125636,23.407878622211797,-21.45,-25.04595833369139,-24.881481530160528,130.40782601237922,0.0,0.0,2810.172383716482,0,0,538.5786685255389,1013.4893035853637,1240.7243672623074,1,0,0
2020,9,5,12,0,17.689999999999998,9.830506676980498,8.776753062887519,-20.95,-8.916607866888665,-25.547576587402187,130.40782601237922,0.0,0.0,2810.172383716482,0,0,497.5210498955943,1075.9913312787874,1099.6149590447374,1,0,0
2020,9,5,12,0,17.689999999999998,20.15667997290565,7.331488240999544,-20.45,-25.444723100582745,-10.745441930775296,130.40782601237922,0.0,0.0,2810.172383716482,0,0,459.00517270253414,1039.8255156924945,1100.819748642284,1,0,0
2020,9,5,12,0,17.689999999999998,5.980296754551187,5.783596230984408,-19.95,-24.613793457562686,-24.35321106616626,130.40782601237922,0.0,0.0,2810.172383716482,0,0,423.7249835487499,1246.3550068620575,1246.2029186351083,1,0,0
2020,9,5,12,0,17.689999999999998,6.23491123074014,6.932282667169917,-19.45,-10.359222143269871,-25.78061547431425,130.40782601237922,0.0,0.0,2810.172383716482,0,0,392.55409758748436,1221.6250302986716,1253.8247120003416,1,0,0
2020,9,5,12,0,17.689999999999998,17.59664588455763,8.445036675431673,-18.95,-8.57222951988063,-24.68317508005398,130.40782601237922,0.0,0.0,2810.172383716482,0,0,366.54259409944456,1002.3941694614332,1050.4224575282321,1,0,0
2020,9,5,12,0,17.689999999999998,5.840782397105598,9.002744253556944,-18.45,-9.32306575990269,-9.098352481187433,130.40782601237922,0.0,0.0,2810.172383716482,0,0,346.8533411027554,1329.0448666118566,1110.103074398264,1,0,0
2020,9,5,12,0,17.689999999999998,9.07434011648223,6.533306703601764,-17.95,-26.269207729914644,-23.678074872466937,130.40782601237922,0.0,0.0,2810.172383716482,0,0,334.60439892687015,1144.4822063075046,1134.8093323215332,1,0,0
2020,9,5,12,0,17.689999999999998,22.55819953645443,23.41786910093066,-17.45,-22.952830341096238,-24.183910223087107,130.40782601237922,0.0,0.0,2810.172383716482,0,0,330.6238247509674,1045.733717563335,1197.060488304417,1,0,0
2020,9,5,12,0,17.689999999999998,7.7508053857909,7.55095693306111,-16.95,-24.39956080393036,-11.2946527689481,130.40782601237922,0.0,0.0,2810.172383716482,0,0,335.2063321168493,1081.994511222054,1042.9719138295368,1,0,0
2020,9,5,12,0,17.689999999999998,20.607105884168085,5.749775970659233,-16.45,-8.391518535139685,-23.445236338787822,130.40782601237922,0.0,0.0,2810.172383716482,0,0,348.01379349149306,1162.9876670804765,1192.0703543407806,1,0,0
2020,9,5,12,0,17.689999999999998,8.649523814599348,20.544014590108578,-15.95,-24.351133566950153,-9.368908719014954,130.40782601237922,0.0,0.0,2810.172383716482,0,0,368.18882063873735,1008.1345564146064,1074.9460786880682,1,0,0
2020,9,5,12,0,17.689999999999998,6.085548301517774,22.461203202204054,-15.45,-24.12793909306763,-24.384223450328403,130.40782601237922,0.0,0.0,2810.172383716482,0,0,394.60286470250946,1204.3930731487037,1127.748340650839,1,0,0
2020,9,5,12,0,17.689999999999998,23.085029107648012,7.034624249141024,-14.95,-13.973687860091445,-9.959348915772484,130.40782601237922,0.0,0.0,2810.172383716482,0,0,426.09707854704385,1000.3199635530257,1183.5279450610064,1,0,0
2020,9,5,12,0,17.689999999999998,5.752034060149577,9.891248820559122,-14.45,-13.88955412850875,-8.676795242755109,130.40782601237922,0.0,0.0,2810.172383716482,0,0,461.63270314811524,1070.8006065641,1095.1359105615163,1,0,0
2020,9,5,12,0,17.689999999999998,22.76923723228429,6.348077064712455,-13.95,-10.591330386645136,-11.548531454192474,130.40782601237922,0.0,0.0,2810.172383716482,0,0,500.3492081960006,1150.9975068039234,1133.05227119373,1,0,0
2020,9,5,12,0,17.689999999999998,18.508605210327993,6.216965550135313,-13.45,-26.61059891994285,-25.2863622042232,130.40782601237922,0.0,0.0,2810.172383716482,0,0,541.5646143024204,1061.2560406173436,1273.833091925824,1,0,0
2020,9,5,12,0,17.689999999999998,22.006351997120348,21.995594967513433,-12.95,-11.444803404648871,-26.632569153396272,130.40782601237922,0.0,0.0,2810.172383716482,0,0,584.7505460551378,1029.6982496283802,1260.4613554928378,1,0,0
2020,9,5,12,0,17.689999999999998,10.274384465640118,7.6509354786912365,-12.45,-9.095844937810313,-9.91769496595131,130.40782601237922,0.0,0.0,2810.172383716482,0,0,629.5013499207502,1034.1526563069312,1137.7906654219971,1,0,0
2020,9,5,12,0,17.689999999999998,23.324665584153053,9.106555290689412,-11.95,-10.460758176728405,-9.55412531117777,130.40782601237922,0.0,0.0,2810.172383716482,0,0,675.5058498135676,1207.1778567674728,1062.89544667019,1,0,0
2020,9,5,12,0,17.689999999999998,22.12708407468549,9.622134923378107,-11.45,-24.63570879791025,-8.770647384986184,130.40782601237922,0.0,0.0,2810.172383716482,0,0,722.5243622276121,1117.8913254405154,1101.7344015405022,1,0,0
2020,9,5,12,0,18.189999999999998,5.704651297688506,23.44181686604854,-23.45,-15.432237451118228,-20.260412175895876,130.40782601237922,0.0,0.0,2810.172383716482,0,0,745.6359696115262,1026.4946280452139,1013.4951865648206,1,0,0
2020,9,5,12,0,18.189999999999998,20.524558133409613,7.60568982870708,-22.95,-9.9063514118344,-26.026504606569226,130.40782601237922,0.0,0.0,2810.172383716482,0,0,700.5830715927256,1028.7859727957048,1222.985915380073,1,0,0
2020,9,5,12,0,18.189999999999998,6.601813805724698,23.63553674333283,-22.45,-24.492090521834427,-10.622420341619264,130.40782601237922,0.0,0.0,2810.172383716482,0,0,656.7664719691019,1184.1861827258895,1224.2935316890616,1,0,0
2020,9,5,12,0,18.189999999999998,6.574443842624593,6.228461660626318,-21.95,-25.27931736904419,-26.72345629211752,130.40782601237922,0.0,0.0,2810.172383716482,0,0,614.4510070131711,1243.80456550671,1383.0947320084003,1,0,0
2020,9,5,12,0,18.189999999999998,23.16409900725199,6.609844617961132,-21.45,-11.958887179178834,-22.581972861574805,130.40782601237922,0.0,0.0,2810.172383716482,0,0,573.9690709059205,1103.2407887222632,1060.3466445935208,1,0,0
2020,9,5,12,0,18.189999999999998,8.598242427874029,21.74058026643481,-20.95,-10.074188615978944,-24.997381717502073,130.40782601237922,0.0,0.0,2810.172383716482,0,0,535.7367421131036,1053.7619796744443,1114.1244622331728,1,0,0
2020,9,5,12,0,18.189999999999998,7.245211343870746,23.586368122312223,-20.45,-26.054554304398778,-19.870522906384046,130.40782601237922,0.0,0.0,2810.172383716482,0,0,500.27031455767906,1251.9421125304502,1017.9622846049045,1,0,0
2020,9,5,12,0,18.189999999999998,10.080527316949297,8.403354647670163,-19.95,-8.80507554094985,-9.92079598624871,130.40782601237922,0.0,0.0,2810.172383716482,0,0,468.199008823164,1072.4645398893465,1080.7145878854612,1,0,0
2020,9,5,12,0,18.189999999999998,9.338129893247746,6.547959411566612,-19.45,-26.0028995824175,-11.65731746542678,130.40782601237922,0.0,0.0,2810.172383716482,0,0,440.2656241641272,1103.866948002845,1107.9221298818923,1,0,0
2020,9,5,12,0,18.189999999999998,20.402231491750292,23.4671788008774,-18.95,-26.21080419479977,-24.002133320021237,130.40782601237922,0.0,0.0,2810.172383716482,0,0,417.30212903269756,1121.4898773878729,1190.3408545616394,1,0,0
2020,9,5,12,0,18.189999999999998,22.870733948397877,23.20636518812684,-18.45,-25.55259739422736,-25.27718026769871,130.40782601237922,0.0,0.0,2810.172383716482,0,0,400.16518294727274,1242.832821749938,1250.532902220693,1,0,0
2020,9,5,12,0,18.189999999999998,8.636887598416436,21.69659096866358,-17.95,-26.589917832551542,-25.54060567742919,130.40782601237922,0.0,0.0,2810.172383716482,0,0,389.62446767040353,1201.105118316783,1152.480990674591,1,0,0
2020,9,5,12,0,18.189999999999998,6.709115160576408,9.612064698942817,-17.45,-24.411368819176747,-25.73889568167222,130.40782601237922,0.0,0.0,2810.172383716482,0,0,386.22049963012273,1169.3129544679016,1062.9326524360254,1,0,0
2020,9,5,12,0,18.189999999999998,7.319519829462319,22.288141684628883,-16.95,-8.818943304328855,-26.203160077068066,130.40782601237922,0.0,0.0,2810.172383716482,0,0,390.14014838952767,1251.4735034115884,1247.1876429932122,1,0,0
2020,9,5,12,0,18.189999999999998,6.380616426283029,21.515221442620312,-16.45,-11.408835877184872,-24.17187663237366,130.40782601237922,0.0,0.0,2810.172383716482,0,0,401.1687803636347,1138.8608190129817,1035.685835768902,1,0,0
2020,9,5,12,0,18.189999999999998,23.02418662546927,6.823363381066721,-15.95,-24.86327767488142,-24.240772606136,130.40782601237922,0.0,0.0,2810.172383716482,0,0,418.7450128488955,1207.1946877661615,1147.5063517319861,1,0,0
2020,9,5,12,0,18.189999999999998,22.3852480039631,11.946420503782651,-15.45,-9.363320364433374,-26.33961760525081,130.40782601237922,0.0,0.0,2810.172383716482,0,0,442.08849060173463,1206.4093069479395,1007.9900331647726,1,0,0
2020,9,5,12,0,18.189999999999998,23.482741584677576,23.61106286577077,-14.95,-9.876612264695503,-22.881386669232374,130.40782601237922,0.0,0.0,2810.172383716482,0,0,470.3411639739684,1258.7826896958613,1140.4189829343795,1,0,0
2020,9,5,12,0,18.189999999999998,22.634062293894033,7.47869980756891,-14.45,-9.57613851763347,-24.025969198804226,130.40782601237922,0.0,0.0,2810.172383716482,0,0,502.67579904251824,1210.174661888899,1076.598336237037,1,0,0
2020,9,5,12,0,18.189999999999998,5.702689195791921,5.923547280982138,-13.95,-23.999237800410647,-9.112731074016143,130.40782601237922,0.0,0.0,2810.172383716482,0,0,538.3572104408289,1230.5908680818604,1337.7368522663558,1,0,0
2020,9,5,12,0,18.189999999999998,7.8855299631928695,23.408748467421987,-13.45,-25.529515746678644,-23.753033785058697,130.40782601237922,0.0,0.0,2810.172383716482,0,0,576.7643922396561,1161.3076721561968,1170.1799115671038,1,0,0
2020,9,5,12,0,18.189999999999998,20.44780006481937,7.216966853390494,-12.95,-8.679907339219806,-25.56966391119711,130.40782601237922,0.0,0.0,2810.172383716482,0,0,617.3886383033354,1128.150972516782,1215.0690864866672,1,0,0
2020,9,5,12,0,18.189999999999998,19.690073793705132,21.898714701260836,-12.45,-9.294904793094755,-25.2465158424908,130.40782601237922,0.0,0.0,2810.172383716482,0,0,659.8203452988807,1028.9450229522517,1144.919047814961,1,0,0
2020,9,5,12,0,18.189999999999998,23.095467182558984,22.799231903395004,-11.95,-26.603354267087497,-12.624837872432355,130.40782601237922,0.0,0.0,2810.172383716482,0,0,703.7324090597791,1337.6033857507875,1033.0203648030233,1,0,0
2020,9,5,12,0,18.189999999999998,7.653119159564564,8.115788237691834,-11.45,-26.183476569590216,-25.905074118992516,130.40782601237922,0.0,0.0,2810.172383716482,0,0,748.8642128919339,1232.66833743492,1176.1582155709027,1,0,0
2020,9,5,12,0,18.689999999999998,18.717720252906503,5.9255689484777765,-23.45,-26.695051767472737,-15.276491346765681,130.40782601237922,0.0,0.0,2810.172383716482,0,0,775.1794217402298,1078.3805145682084,1006.4261574697024,1,0,0
2020,9,5,12,0,18.689999999999998,5.920442086493986,6.313234839123126,-22.95,-26.192641574286966,-9.182781818292266,130.40782601237922,0.0,0.0,2810.172383716482,0,0,732.0683501443114,1365.8989379725267,1300.7255725273874,1,0,0
2020,9,5,12,0,18.689999999999998,5.764505249251491,19.53147106350371,-22.45,-24.030910568599644,-26.19607285941333,130.40782601237922,0.0,0.0,2810.172383716482,0,0,690.3704942188261,1226.985151849131,1070.5809783847435,1,0,0
2020,9,5,12,0,18.689999999999998,6.603945293419183,7.772748952908097,-21.95,-26.509550645478658,-25.803844651363228,130.40782601237922,0.0,0.0,2810.172383716482,0,0,650.3580254454653,1337.2195899263904,1192.2833009233266,1,0,0
2020,9,5,12,0,18.689999999999998,7.008437458447285,9.996408737166085,-21.45,-8.375268723735225,-26.012345464193427,130.40782601237922,0.0,0.0,2810.172383716482,0,0,612.3616859846923,1311.031561724106,1065.9508896281443,1,0,0
2020,9,5,12,0,18.689999999999998,8.32214630596851,18.192295752656122,-20.95,-9.428100107164337,-26.21780589203162,130.40782601237922,0.0,0.0,2810.172383716482,0,0,576.7803239707634,1127.7970289370842,1009.7532862968167,1,0,0
2020,9,5,12,0,18.689999999999998,20.640060722841937,23.64169676692007,-20.45,-9.307567774138445,-9.53433378735151,130.40782601237922,0.0,0.0,2810.172383716482,0,0,544.0881835669524,1086.3791453761728,1295.0111999615942,1,0,0
2020,9,5,12,0,18.689999999999998,9.036410756403514,12.291014269680119,-19.95,-26.5710605130342,-8.444994453395374,130.40782601237922,0.0,0.0,2810.172383716482,0,0,514.8361816574095,1174.3892849543574,1012.0058682768939,1,0,0
2020,9,5,12,0,18.689999999999998,22.7311195143211,17.061701226646697,-19.45,-23.945255855105017,-8.220637443982518,130.40782601237922,0.0,0.0,2810.172383716482,0,0,489.6414657098946,1121.8006902932389,1022.5776546446341,1,0,0
2020,9,5,12,0,18.689999999999998,7.424492272599067,22.47292014143656,-18.95,-11.553979447333331,-22.643281825786783,130.40782601237922,0.0,0.0,2810.172383716482,0,0,469.15831459260295,1036.0038689378955,1020.1580636747861,1,0,0
2020,9,5,12,0,18.689999999999998,22.029922919144703,23.379187900733918,-18.45,-11.929405044344392,-9.1824033367851,130.40782601237922,0.0,0.0,2810.172383716482,0,0,454.02499428299166,1001.1035882493708,1297.7133835770658,1,0,0
2020,9,5,12,0,18.689999999999998,18.32579617434575,5.83930848306539,-17.95,-8.691816922219676,-24.119167600183236,130.40782601237922,0.0,0.0,2810.172383716482,0,0,444.78800218128595,1017.7390556832183,1225.8990626001666,1,0,0
2020,9,5,12,0,18.689999999999998,5.705830163966002,9.324697729013181,-17.45,-16.337380061137807,-25.086941555812214,130.40782601237922,0.0,0.0,2810.172383716482,0,0,441.81737273212667,1009.5495048801479,1022.4997460101777,1,0,0
2020,9,5,12,0,18.689999999999998,23.41676212251894,9.523482152962577,-16.95,-8.264501626694088,-26.605512467806268,130.40782601237922,0.0,0.0,2810.172383716482,0,0,445.2385696774386,1367.0037454369337,1148.6949118094947,1,0,0
2020,9,5,12,0,18.689999999999998,8.025722058040508,6.7276336378025,-16.45,-24.714846050842155,-25.87401916004929,130.40782601237922,0.0,0.0,2810.172383716482,0,0,454.9073828742014,1084.8289525340842,1277.1379044381456,1,0,0
2020,9,5,12,0,18.689999999999998,23.459180823788017,21.113231232600718,-15.95,-11.956313822951039,-26.32797269139202,130.40782601237922,0.0,0.0,2810.172383716482,0,0,470.4386943800848,1131.1556702381392,1176.1560017308054,1,0,0
2020,9,5,12,0,18.689999999999998,23.32179958396631,5.820268241905466,-15.45,-9.490082056429149,-9.474203348877989,130.40782601237922,0.0,0.0,2810.172383716482,0,0,491.2767120813209,1271.597605916456,1319.7652305631586,1,0,0
2020,9,5,12,0,18.689999999999998,6.018777548335124,8.957411369756223,-14.95,-11.226922058350645,-9.940604833627496,130.40782601237922,0.0,0.0,2810.172383716482,0,0,516.7797679754715,1183.3683744918299,1039.461739344494,1,0,0
2020,9,5,12,0,18.689999999999998,19.179994410928572,8.32492385274874,-14.45,-8.174805246079355,-26.670484938876122,130.40782601237922,0.0,0.0,2810.172383716482,0,0,546.2947604045098,1105.6739528468602,1228.5192944731168,1,0,0
2020,9,5,12,0,18.689999999999998,23.378729111597814,20.79431405950463,-13.95,-21.457682361001233,-25.684635626264146,130.40782601237922,0.0,0.0,2810.172383716482,0,0,579.2085287561922,1050.29585903182,1101.2899029705338,1,0,0
2020,9,5,12,0,18.689999999999998,19.87631478193917,7.169346209214957,-13.45,-9.415652322095465,-9.54510811889423,130.40782601237922,0.0,0.0,2810.172383716482,0,0,614.9754127733856,1029.1728773196655,1204.640284960139,1,0,0
2020,9,5,12,0,18.689999999999998,18.24169375076284,21.8700569049523,-12.95,-26.34839097933617,-26.246126291585078,130.40782601237922,0.0,0.0,2810.172383716482,0,0,653.1266424178548,1024.5988067056876,1220.646183564183,1,0,0
2020,9,5,12,0,18.689999999999998,22.70441795402691,22.031023339058528,-12.45,-22.537266229961823,-24.292015149229307,130.40782601237922,0.0,0.0,2810.172383716482,0,0,693.2684704846013,1036.0130621463077,1085.8622990139877,1,0,0
2020,9,5,12,0,18.689999999999998,9.257549479349453,19.690786938439604,-11.95,-24.95856502231927,-9.028352978061164,130.40782601237922,0.0,0.0,2810.172383716482,0,0,735.0746219953965,1015.7484951515224,1052.9559690407252,1,0,0
2020,9,5,12,0,18.689999999999998,6.4582399489577,8.40951503340412,-11.45,-24.479756663079534,-25.328813822646715,130.40782601237922,0.0,0.0,2810.172383716482,0,0,778.2766965053764,1195.6328231360897,1106.506636191604,1,0,0
2020,9,5,12,0,19.189999999999998,20.086773045628632,23.034756106065096,-23.45,-9.211755762539909,-9.133633750327839,130.40782601237922,0.0,0.0,2810.172383716482,0,0,807.4616800267811,1059.760501036031,1273.7433911661858,1,0,0
2020,9,5,12,0,19.189999999999998,21.54431681753887,9.370531498679679,-22.95,-9.614895601644935,-25.65946718370477,130.40782601237922,0.0,0.0,2810.172383716482,0,0,766.2871298488313,1124.2017233500599,1070.6358727261559,1,0,0
2020,9,5,12,0,19.189999999999998,8.656157381240622,22.93301009186898,-22.45,-25.76579537974365,-11.829363868841073,130.40782601237922,0.0,0.0,2810.172383716482,0,0,726.6692418553326,1126.8006994432278,1089.0320402519824,1,0,0
2020,9,5,12,0,19.189999999999998,21.66548664892767,6.517096643859599,-21.95,-8.922814230950806,-23.278540517430617,130.40782601237922,0.0,0.0,2810.172383716482,0,0,688.8769231440295,1187.5791866073428,1110.7835339344688,1,0,0
2020,9,5,12,0,19.189999999999998,19.312697432698698,22.9266337795286,-21.45,-26.709795892425966,-10.435188479835364,130.40782601237922,0.0,0.0,2810.172383716482,0,0,653.2273710710512,1107.258156659589,1174.6921679031595,1,0,0
2020,9,5,12,0,19.189999999999998,7.076647902158666,18.71631133595332,-20.95,-12.409717466630681,-26.654369535162793,130.40782601237922,0.0,0.0,2810.172383716482,0,0,620.0905157206589,1013.0196925197835,1074.376097113977,1,0,0
2020,9,5,12,0,19.189999999999998,21.19911380382573,22.075732841785253,-20.45,-24.619097182684243,-26.11371360815684,130.40782601237922,0.0,0.0,2810.172383716482,0,0,589.8901913199736,1044.4770378534524,1224.8024424196078,1,0,0
2020,9,5,12,0,19.189999999999998,22.920955840619634,19.299485531568727,-19.95,-23.963365441668586,-26.70893397194459,130.40782601237922,0.0,0.0,2810.172383716482,0,0,563.0992863489654,1139.5290216788212,1106.5321555615913,1,0,0
2020,9,5,12,0,19.189999999999998,20.11546942842366,5.787680981508123,-19.45,-8.33459841582555,-11.438998388109686,130.40782601237922,0.0,0.0,2810.172383716482,0,0,540.2254657567283,1139.410835814045,1191.6103368782417,1,0,0
2020,9,5,12,0,19.189999999999998,21.59252259509845,9.660145327105033,-18.95,-25.188470022946156,-9.297193222833219,130.40782601237922,0.0,0.0,2810.172383716482,0,0,521.7842892152503,1117.534704655694,1050.764111216748,1,0,0
2020,9,5,12,0,19.189999999999998,10.583441064465376,22.760820046571446,-18.45,-26.038904551669493,-25.91706170163095,130.40782601237922,0.0,0.0,2810.172383716482,0,0,508.2586008598879,1037.0670067498581,1260.8672821947796,1,0,0
2020,9,5,12,0,19.189999999999998,10.968681378767762,23.367364593051946,-17.95,-26.66202294713168,-12.423593789344627,130.40782601237922,0.0,0.0,2810.172383716482,0,0,500.04752469144836,1080.1660439474374,1098.0109904904766,1,0,0
2020,9,5,12,0,19.189999999999998,6.575206452664686,6.142966029425098,-17.45,-26.614095029798683,-25.26944583519092,130.40782601237922,0.0,0.0,2810.172383716482,0,0,497.4143775897586,1347.8405917609423,1278.7759744883801,1,0,0
2020,9,5,12,0,19.189999999999998,23.485535084605125,18.383122486041877,-16.95,-20.82115556188202,-8.869820101577876,130.40782601237922,0.0,0.0,2810.172383716482,0,0,500.4472306334875,1036.605201019171,1002.7804034346781,1,0,0
2020,9,5,12,0,19.189999999999998,5.857098556129856,21.480794530253544,-16.45,-20.331030543336325,-10.333571824862826,130.40782601237922,0.0,0.0,2810.172383716482,0,0,509.04480171107997,1033.6462638605374,1064.5761957543118,1,0,0
2020,9,5,12,0,19.189999999999998,22.4262551083945,21.356830000861578,-15.95,-23.773471687381335,-9.345222186379171,130.40782601237922,0.0,0.0,2810.172383716482,0,0,522.9326392395244,1084.3148523006053,1132.0248914841677,1,0,0
2020,9,5,12,0,19.189999999999998,9.361944721073964,21.036238752827494,-15.45,-8.434763861903772,-24.432701632288545,130.40782601237922,0.0,0.0,2810.172383716482,0,0,541.703925295196,1148.3012975042877,1017.9868359473837,1,0,0
2020,9,5,12,0,19.189999999999998,6.519507281904893,8.426703212156784,-14.95,-11.922432054994127,-8.598781046148144,130.40782601237922,0.0,0.0,2810.172383716482,0,0,564.8719083493497,1094.253936228909,1192.2498940790747,1,0,0
2020,9,5,12,0,19.189999999999998,5.941669232873877,6.360469261382616,-14.45,-10.99542473104037,-23.951726295518903,130.40782601237922,0.0,0.0,2810.172383716482,0,0,591.920407745995,1205.0963943711627,1168.2432101908155,1,0,0
2020,9,5,12,0,19.189999999999998,6.6119588031498555,23.63821967392439,-13.95,-8.19688830861272,-9.915071822416664,130.40782601237922,0.0,0.0,2810.172383716482,0,0,622.3434968858247,1355.17083068571,1269.436602390791,1,0,0
2020,9,5,12,0,19.189999999999998,6.516499447281808,21.559559674917722,-13.45,-24.525236999835368,-10.060056872521027,130.40782601237922,0.0,0.0,2810.172383716482,0,0,655.6714189901919,1193.8231679650683,1091.1586587447362,1,0,0
2020,9,5,12,0,19.189999999999998,10.258367291789565,7.518508841388641,-12.95,-8.357891846161124,-11.582915851940323,130.40782601237922,0.0,0.0,2810.172383716482,0,0,691.4840827701906,1105.9910447926152,1025.808596666035,1,0,0
2020,9,5,12,0,19.189999999999998,22.205629977457136,22.356263658521108,-12.45,-23.2502408101542,-11.758629440129027,130.40782601237922,0.0,0.0,2810.172383716482,0,0,729.4153790759199,1031.836320231232,1040.739355092835,1,0,0
2020,9,5,12,0,19.189999999999998,5.899568106152103,8.541129401700019,-11.95,-22.11185161477847,-26.728026940728085,130.40782601237922,0.0,0.0,2810.172383716482,0,0,769.1516977718242,1103.9891206990121,1219.6511134752027,1,0,0
2020,9,5,12,0,19.189999999999998,21.146964204533667,6.474614425105428,-11.45,-26.708618316451755,-9.500167968770011,130.40782601237922,0.0,0.0,2810.172383716482,0,0,810.4273351071364,1210.5748497461025,1263.6474256569034,1,0,0
2020,9,5,12,0,19.689999999999998,22.952789501926873,8.761193206489544,-23.45,-11.13324167006107,-10.341872669211106,130.40782601237922,0.0,0.0,2810.172383716482,0,0,842.1678425493865,1132.2749391444784,1019.6705209173261,1,0,0
2020,9,5,12,0,19.689999999999998,5.727243062246834,11.210662699083574,-22.95,-25.8442016569089,-26.414135884182695,130.40782601237922,0.0,0.0,2810.172383716482,0,0,802.8899797105848,1355.5261244450621,1044.6869354034254,1,0,0
2020,9,5,12,0,19.689999999999998,7.726138342733264,20.248931951901575,-22.45,-26.160071326518345,-26.409065623341917,130.40782601237922,0.0,0.0,2810.172383716482,0,0,765.2793572288986,1225.4551984179805,1129.8843312760794,1,0,0
2020,9,5,12,0,19.689999999999998,22.963291167318808,5.714872348322557,-21.95,-24.669182857284728,-15.112574428615183,130.40782601237922,0.0,0.0,2810.172383716482,0,0,729.5941309656677,1189.033645493329,1033.5292538832957,1,0,0
2020,9,5,12,0,19.689999999999998,12.784942534823628,7.31850103706579,-21.45,-8.179290549490496,-22.862217906309684,130.40782601237922,0.0,0.0,2810.172383716482,0,0,696.1307213149834,1025.8423350759049,1011.3663324150302,1,0,0
2020,9,5,12,0,19.689999999999998,8.268522128010595,7.183489288310654,-20.95,-8.881697555059922,-23.97054280002171,130.40782601237922,0.0,0.0,2810.172383716482,0,0,665.2247514202259,1178.2577736939709,1097.6426517531206,1,0,0
2020,9,5,12,0,19.689999999999998,23.67354401213754,6.279893890366292,-20.45,-12.93834011083171,-9.142129160653184,130.40782601237922,0.0,0.0,2810.172383716482,0,0,637.2486515494708,1103.4149674487273,1306.5068574886807,1,0,0
2020,9,5,12,0,19.689999999999998,20.1680214969429,21.758928594156174,-19.95,-26.576255015596953,-10.286071855518674,130.40782601237922,0.0,0.0,2810.172383716482,0,0,612.6041519872985,1140.1719028187092,1089.674155526148,1,0,0
2020,9,5,12,0,19.689999999999998,7.5606397063718,7.142653902382327,-19.45,-10.908159245410948,-12.179407657541406,130.40782601237922,0.0,0.0,2810.172383716482,0,0,591.7078547402983,1069.83528028508,1020.8274726379458,1,0,0
2020,9,5,12,0,19.689999999999998,23.276112548787324,17.959505114584722,-18.95,-22.063800753343514,-8.350242634351012,130.40782601237922,0.0,0.0,2810.172383716482,0,0,574.9687184463371,1067.1309285201837,1037.3186360458094,1,0,0
2020,9,5,12,0,19.689999999999998,23.298828437644715,19.671050139463084,-18.45,-11.713097107114013,-9.17591188209687,130.40782601237922,0.0,0.0,2810.172383716482,0,0,562.7579436082387,1129.4802110333155,1038.5362775819842,1,0,0
2020,9,5,12,0,19.689999999999998,6.636886821029913,5.8550893142700495,-17.95,-12.346659445289893,-8.380071477692432,130.40782601237922,0.0,0.0,2810.172383716482,0,0,555.3743835772849,1058.168671928899,1399.0191781434712,1,0,0
2020,9,5,12,0,19.689999999999998,21.909358596596867,8.409263316822404,-17.45,-23.839672382359826,-9.592464272731888,130.40782601237922,0.0,0.0,2810.172383716482,0,0,553.0114744647802,1044.6449740436883,1107.71184145775,1,0,0
2020,9,5,12,0,19.689999999999998,11.82082103740305,8.974772236634337,-16.95,-26.58905764477329,-26.030659073936917,130.40782601237922,0.0,0.0,2810.172383716482,0,0,555.7332772699195,1038.1948694161963,1129.2285381008667,1,0,0
2020,9,5,12,0,19.689999999999998,22.93197431713753,6.667977136121383,-16.45,-11.782670828509962,-9.566599474317886,130.40782601237922,0.0,0.0,2810.172383716482,0,0,563.4660943585678,1091.615702645127,1242.931896818107,1,0,0
2020,9,5,12,0,19.689999999999998,6.457326274346259,6.314915112709512,-15.95,-8.896913505031698,-11.589352697879248,130.40782601237922,0.0,0.0,2810.172383716482,0,0,576.0080946695157,1311.2280016667482,1133.5686858164277,1,0,0
2020,9,5,12,0,19.689999999999998,8.354848152535798,7.579912028431448,-15.45,-10.321163029400665,-26.52866861537006,130.40782601237922,0.0,0.0,2810.172383716482,0,0,593.0541601172154,1051.6237140798635,1267.0621409337068,1,0,0
2020,9,5,12,0,19.689999999999998,9.995123882812816,5.985173660013677,-14.95,-8.885636066818712,-26.434346714290452,130.40782601237922,0.0,0.0,2810.172383716482,0,0,614.2293068351865,1069.5579943748878,1379.326166259969,1,0,0
2020,9,5,12,0,19.689999999999998,18.171571326163466,5.8433251533081485,-14.45,-26.381150798862528,-12.952993399762388,130.40782601237922,0.0,0.0,2810.172383716482,0,0,639.1231241166915,1025.044140319188,1103.1635389823132,1,0,0
2020,9,5,12,0,19.689999999999998,22.457232625071782,8.583466168144021,-13.95,-10.60679355569905,-24.385132535613923,130.40782601237922,0.0,0.0,2810.172383716482,0,0,667.3194192495924,1123.6427872251754,1015.8639794672256,1,0,0
2020,9,5,12,0,19.689999999999998,23.31404396986366,22.16715062131079,-13.45,-9.618577019221505,-9.922544762686638,130.40782601237922,0.0,0.0,2810.172383716482,0,0,698.4181508270167,1262.115931050913,1148.2611810279807,1,0,0
2020,9,5,12,0,19.689999999999998,22.800918080992417,23.304141866866864,-12.95,-10.667421998933527,-24.486969781461617,130.40782601237922,0.0,0.0,2810.172383716482,0,0,732.049316412652,1148.6950540997814,1206.1918663736606,1,0,0
2020,9,5,12,0,19.689999999999998,22.21530552957615,9.775361424651004,-12.45,-26.594819509551773,-26.72477605302622,130.40782601237922,0.0,0.0,2810.172383716482,0,0,767.880036037807,1272.7694923078686,1145.841704286663,1,0,0
2020,9,5,12,0,19.689999999999998,20.326347626491682,22.110970410256655,-11.95,-9.818926216436829,-10.617208253975992,130.40782601237922,0.0,0.0,2810.172383716482,0,0,805.6166565734742,1022.792593526251,1094.2330241308441,1,0,0
2020,9,5,12,0,19.689999999999998,21.274077628359375,18.54596359869886,-11.45,-25.915659880914117,-8.389944064731331,130.40782601237922,0.0,0.0,2810.172383716482,0,0,845.0036367394295,1152.6363799203782,1056.4669773772039,1,0,0
2020,9,5,12,0,20.189999999999998,21.443772199860483,18.94925253487012,-23.45,-8.448667996715663,-26.61576477971129,130.40782601237922,0.0,0.0,2810.172383716482,0,0,879.0108389083414,1211.1352295780734,1081.0870455208187,1,0,0
2020,9,5,12,0,20.189999999999998,7.771068637666738,9.121266422090146,-22.95,-23.866728940080325,-10.193304069906382,130.40782601237922,0.0,0.0,2810.172383716482,0,0,841.5658748394274,1040.590095937183,1006.4189827077101,1,0,0
2020,9,5,12,0,20.189999999999998,23.582553905066646,11.724271193502453,-22.45,-24.853867477014887,-26.346323404447276,130.40782601237922,0.0,0.0,2810.172383716482,0,0,805.8686826064312,1253.838718435147,1016.8956193753011,1,0,0
2020,9,5,12,0,20.189999999999998,22.192052070210757,9.864796790544142,-21.95,-23.161805660047772,-8.563589930921616,130.40782601237922,0.0,0.0,2810.172383716482,0,0,772.1619626850484,1025.1525444492333,1107.3382624962826,1,0,0
2020,9,5,12,0,20.189999999999998,8.503667189122202,23.431212247388615,-21.45,-26.683156404823155,-13.859607727491676,130.40782601237922,0.0,0.0,2810.172383716482,0,0,740.7177449308563,1218.0264560612613,1040.3724185674987,1,0,0
2020,9,5,12,0,20.189999999999998,22.69419557033273,6.0691662690188215,-20.95,-12.977519239519443,-23.217461245076517,130.40782601237922,0.0,0.0,2810.172383716482,0,0,711.8361501639116,1004.9986596437063,1148.57262808355,1,0,0
2020,9,5,12,0,20.189999999999998,20.17912273152501,23.397562325350272,-20.45,-8.163712157814597,-12.298975370383364,130.40782601237922,0.0,0.0,2810.172383716482,0,0,685.8412110348179,1158.3867523403383,1107.2771941705369,1,0,0
2020,9,5,12,0,20.189999999999998,5.721852642162633,10.039998015081437,-19.95,-15.631525075981477,-26.605530776786022,130.40782601237922,0.0,0.0,2810.172383716482,0,0,663.0727064938469,1020.117897806313,1120.1255726834431,1,0,0
2020,9,5,12,0,20.189999999999998,18.60088872918897,20.876433133678884,-19.45,-8.594784689600125,-9.169343657062985,130.40782601237922,0.0,0.0,2810.172383716482,0,0,643.8731692971456,1038.9350727442286,1113.5233524593314,1,0,0
2020,9,5,12,0,20.189999999999998,5.970862510443334,20.794427537078867,-18.95,-25.952996400933674,-9.55860142581491,130.40782601237922,0.0,0.0,2810.172383716482,0,0,628.569862121221,1343.6443981621042,1075.762868750007,1,0,0
2020,9,5,12,0,20.189999999999998,22.758388186426025,21.552997657368543,-18.45,-23.124085748930504,-9.077803300690345,130.40782601237922,0.0,0.0,2810.172383716482,0,0,617.4526608129789,1074.0334787922286,1167.2568559364065,1,0,0
2020,9,5,12,0,20.189999999999998,12.01398059630171,20.56817912129838,-17.95,-26.697268529911536,-9.610840561433083,130.40782601237922,0.0,0.0,2810.172383716482,0,0,610.7502793752686,1042.5738148281673,1056.224534460198,1,0,0
2020,9,5,12,0,20.189999999999998,10.359551818370608,8.383213450862948,-17.45,-8.989690732671626,-25.247518881092915,130.40782601237922,0.0,0.0,2810.172383716482,0,0,608.6086381394238,1039.7156801963888,1101.57053280042,1,0,0
2020,9,5,12,0,20.189999999999998,21.80397101978481,20.15656816078831,-16.95,-9.667027816550867,-9.387191469393407,130.40782601237922,0.0,0.0,2810.172383716482,0,0,611.0757058555602,1139.4336604800508,1048.7587582432843,1,0,0
2020,9,5,12,0,20.189999999999998,12.764804231574217,5.969799881059428,-16.45,-8.254216295641918,-26.075493735904885,130.40782601237922,0.0,0.0,2810.172383716482,0,0,618.0962826860871,1018.4480918518658,1353.000579577453,1,0,0
2020,9,5,12,0,20.189999999999998,17.03735915775333,21.34843024098096,-15.95,-26.67601888400813,-8.900675054717695,130.40782601237922,0.0,0.0,2810.172383716482,0,0,629.5179935620246,1017.9457654234619,1167.4472977594166,1,0,0
2020,9,5,12,0,20.189999999999998,6.306391164702495,5.806260351114629,-15.45,-9.961298426313501,-12.46550255710222,130.40782601237922,0.0,0.0,2810.172383716482,0,0,645.1070367871815,1243.6588074229094,1131.618937064309,1,0,0
2020,9,5,12,0,20.189999999999998,7.8093629146728585,20.578487393372583,-14.95,-24.517433279168127,-26.12601768306265,130.40782601237922,0.0,0.0,2810.172383716482,0,0,664.5701107073664,1086.3403870629081,1124.9287622299692,1,0,0
2020,9,5,12,0,20.189999999999998,19.33622283465037,6.179168282503402,-14.45,-8.586422962043795,-9.537762557599574,130.40782601237922,0.0,0.0,2810.172383716482,0,0,687.5781833332298,1074.580748621545,1285.1435604024875,1,0,0
2020,9,5,12,0,20.189999999999998,20.13304750042323,8.316474746254185,-13.95,-8.270248851613477,-25.39247087033218,130.40782601237922,0.0,0.0,2810.172383716482,0,0,713.7883812376267,1146.1979687942178,1118.5295949584583,1,0,0
2020,9,5,12,0,20.189999999999998,22.74771283066947,19.325300521072336,-13.45,-22.148290567174175,-8.424406264082336,130.40782601237922,0.0,0.0,2810.172383716482,0,0,742.8616722247601,1019.7350467360285,1089.1871348830834,1,0,0
2020,9,5,12,0,20.189999999999998,20.7519006551182,6.735960017117982,-12.95,-8.35801439946799,-12.168680609870066,130.40782601237922,0.0,0.0,2810.172383716482,0,0,774.475499287267,1174.697098524695,1059.270373835354,1,0,0
2020,9,5,12,0,20.189999999999998,22.737663751483325,21.868315754452823,-12.45,-26.298414189205076,-23.66018267039731,130.40782601237922,0.0,0.0,2810.172383716482,0,0,808.3316319938048,1287.70957287977,1029.092702119877,1,0,0
2020,9,5,12,0,20.189999999999998,10.959745173681966,21.068772383778253,-11.95,-8.242500188858141,-10.24768227811263,130.40782601237922,0.0,0.0,2810.172383716482,0,0,844.1601028430855,1083.649371694201,1040.0592398739334,1,0,0
2020,9,5,12,0,20.189999999999998,23.329080153758,7.0540712030360675,-11.45,-9.207228848359804,-9.33621613247568,130.40782601237922,0.0,0.0,2810.172383716482,0,0,881.7202765717627,1291.9304296764976,1230.043164380005,1,0,0
2020,9,5,12,0,20.689999999999998,23.224222414285748,8.646136803180031,-23.45,-21.3253723179878,-25.712098224898483,130.40782601237922,0.0,0.0,2810.172383716482,0,0,917.7333442748546,1029.1012612449326,1122.804272174567,1,0,0
2020,9,5,12,0,20.689999999999998,23.312802376966154,22.96651271697315,-22.95,-14.31824945991365,-22.36126550559826,130.40782601237922,0.0,0.0,2810.172383716482,0,0,882.042153629438,1011.4251864506626,1051.7056510391064,1,0,0
2020,9,5,12,0,20.689999999999998,7.383827985326439,23.452406539256657,-22.45,-23.003890709424507,-21.24398963185621,130.40782601237922,0.0,0.0,2810.172383716482,0,0,848.1531081530043,1014.5492042214898,1049.0984867711386,1,0,0
2020,9,5,12,0,20.689999999999998,18.49728659799829,22.187176249193435,-21.95,-26.066772776604633,-11.275839954963072,130.40782601237922,0.0,0.0,2810.172383716482,0,0,816.2909467879159,1007.867345126975,1056.2814849203107,1,0,0
2020,9,5,12,0,20.689999999999998,7.211844790775723,6.009022283178133,-21.45,-23.10604247636525,-23.5713461217755,130.40782601237922,0.0,0.0,2810.172383716482,0,0,786.7022193316928,1036.6437124841393,1175.6987703716663,1,0,0
2020,9,5,12,0,20.689999999999998,9.277382086356843,8.428308607728615,-20.95,-8.409458459810327,-24.864676884472935,130.40782601237922,0.0,0.0,2810.172383716482,0,0,759.6528466984012,1155.6689663575016,1066.5140842504336,1,0,0
2020,9,5,12,0,20.689999999999998,20.70798436245257,22.019646250610506,-20.45,-9.040063783350032,-9.265631693874369,130.40782601237922,0.0,0.0,2810.172383716482,0,0,735.4232815518852,1113.38790823374,1186.232012523155,1,0,0
2020,9,5,12,0,20.689999999999998,6.9499772356781175,10.031562411000433,-19.95,-10.312677199590272,-26.196057194181652,130.40782601237922,0.0,0.0,2810.172383716482,0,0,714.3007106088979,1164.2115181040674,1081.4149565472972,1,0,0
2020,9,5,12,0,20.689999999999998,11.544917498929312,22.557246973928763,-19.45,-26.41822550021524,-26.18681463324462,130.40782601237922,0.0,0.0,2810.172383716482,0,0,696.5679943253953,1031.2223786988825,1265.7545298216062,1,0,0
2020,9,5,12,0,20.689999999999998,23.03660114768484,8.41832570519334,-18.95,-23.51043409735836,-24.15493457035296,130.40782601237922,0.0,0.0,2810.172383716482,0,0,682.489543344115,1122.093972296088,1010.2213847054132,1,0,0
2020,9,5,12,0,20.689999999999998,22.587968748968805,21.6932292951994,-18.45,-10.198318700235795,-23.658484775716694,130.40782601237922,0.0,0.0,2810.172383716482,0,0,672.295069696861,1162.4467658818028,1014.2389064528438,1,0,0
2020,9,5,12,0,20.689999999999998,21.83309488727032,21.33334049069203,-17.95,-10.015107697661751,-25.82090319406823,130.40782601237922,0.0,0.0,2810.172383716482,0,0,666.1629833097337,1115.449244128807,1148.9848974506835,1,0,0
2020,9,5,12,0,20.689999999999998,5.921382557570528,8.031677181956196,-17.45,-9.252607161366612,-10.72567023015965,130.40782601237922,0.0,0.0,2810.172383716482,0,0,664.2058518392698,1327.5318252192872,1044.986885544797,1,0,0
2020,9,5,12,0,20.689999999999998,5.876960561120591,23.576357638209274,-16.95,-21.419780285927885,-22.272157960154953,130.40782601237922,0.0,0.0,2810.172383716482,0,0,666.4604707057249,1073.635372004862,1106.5795958364756,1,0,0
2020,9,5,12,0,20.689999999999998,23.589987085723344,8.759549416224036,-16.45,-20.38143485537038,-24.526816940959996,130.40782601237922,0.0,0.0,2810.172383716482,0,0,672.8844888215433,1032.9214203854522,1014.2853430724435,1,0,0
2020,9,5,12,0,20.689999999999998,22.581832692156375,22.479597412018457,-15.95,-23.72518757228415,-9.189211544966078,130.40782601237922,0.0,0.0,2810.172383716482,0,0,683.3602868175242,1094.7780031475763,1226.616545377388,1,0,0
2020,9,5,12,0,20.689999999999998,10.119470230105517,5.969958675456362,-15.45,-9.102821395670233,-23.221399171236474,130.40782601237922,0.0,0.0,2810.172383716482,0,0,697.7053084186879,1042.0514893971617,1158.1032236582635,1,0,0
2020,9,5,12,0,20.689999999999998,22.888227048768726,21.299697684633173,-14.95,-12.477011180103439,-9.561478985133064,130.40782601237922,0.0,0.0,2810.172383716482,0,0,715.6868326873417,1049.2536813596412,1110.722448601405,1,0,0
2020,9,5,12,0,20.689999999999998,22.13369196082065,6.205728676083517,-14.45,-25.191149579001006,-10.144933578052616,130.40782601237922,0.0,0.0,2810.172383716482,0,0,737.0386264975766,1158.7596261248555,1239.1307227050652,1,0,0
2020,9,5,12,0,20.689999999999998,5.918420769950632,7.167483931352352,-13.95,-19.93114067930648,-10.231266965507643,130.40782601237922,0.0,0.0,2810.172383716482,0,0,761.4770916757402,1014.6835665234531,1152.2800610592794,1,0,0
2020,9,5,12,0,20.689999999999998,5.915692175187251,20.325408131501842,-13.45,-22.42495968607654,-9.701823741644652,130.40782601237922,0.0,0.0,2810.172383716482,0,0,788.715192980376,1118.5561211735608,1032.5924805371794,1,0,0
2020,9,5,12,0,20.689999999999998,22.01755361567421,23.136108855721005,-12.95,-9.017193906764692,-23.824768004049837,130.40782601237922,0.0,0.0,2810.172383716482,0,0,818.4732867655257,1205.3019838442706,1149.9712014568918,1,0,0
2020,9,5,12,0,20.689999999999998,22.392042151006045,20.72122966344377,-12.45,-26.716856764541337,-8.672790979976853,130.40782601237922,0.0,0.0,2810.172383716482,0,0,850.4866950796379,1294.9576176777266,1145.5953042089777,1,0,0
2020,9,5,12,0,20.689999999999998,21.477321077349714,7.186989206555946,-11.95,-23.957239686935132,-23.565163316041783,130.40782601237922,0.0,0.0,2810.172383716482,0,0,884.5103552685521,1017.2651748265125,1069.2932110009642,1,0,0
2020,9,5,12,0,20.689999999999998,8.337092507124385,6.775449327589305,-11.45,-9.927595155399164,-11.675645180721057,130.40782601237922,0.0,0.0,2810.172383716482,0,0,920.3211136227854,1085.0211917755562,1085.994098230405,1,0,0
2020,9,5,12,0,21.189999999999998,9.81050411332712,20.970349918180755,-23.45,-8.355925806632758,-10.45065083142617,130.40782601237922,0.0,0.0,2810.172383716482,0,0,958.1074936338068,1130.0705855892877,1017.0581507390509,1,0,0
2020,9,5,12,0,21.189999999999998,20.548619613658396,7.753321932809658,-22.95,-9.166463211961478,-11.195312175664002,130.40782601237922,0.0,0.0,2810.172383716482,0,0,924.0822607166587,1092.4207949398067,1032.880366345193,1,0,0
2020,9,5,12,0,21.189999999999998,6.0901347128762,6.764339706461714,-22.45,-26.42079526119229,-11.683397700753053,130.40782601237922,0.0,0.0,2810.172383716482,0,0,891.8915675626961,1369.9781833405732,1086.5127836341635,1,0,0
2020,9,5,12,0,21.189999999999998,21.04146567297256,12.115597955686102,-21.95,-24.539592097109693,-26.71922943384274,130.40782601237922,0.0,0.0,2810.172383716482,0,0,861.7412763216976,1026.5835370520351,1041.4588234367104,1,0,0
2020,9,5,12,0,21.189999999999998,8.444128463499634,19.61010209287496,-21.45,-9.823486752267453,-25.510695526858626,130.40782601237922,0.0,0.0,2810.172383716482,0,0,833.8529770987558,1085.831054198375,1012.7140301594959,1,0,0
2020,9,5,12,0,21.189999999999998,7.548064627698091,21.213100342058098,-20.95,-9.235104723836539,-10.175452685932864,130.40782601237922,0.0,0.0,2810.172383716482,0,0,808.4610030109145,1200.382905839413,1056.3363074193257,1,0,0
2020,9,5,12,0,21.189999999999998,7.012483017704856,23.685456783421813,-20.45,-26.621341657240766,-23.59684945930087,130.40782601237922,0.0,0.0,2810.172383716482,0,0,785.807577680908,1315.7968493564395,1186.431638108124,1,0,0
2020,9,5,12,0,21.189999999999998,21.767838418669335,6.6966191568790885,-19.95,-25.51685626533677,-21.876898776127334,130.40782601237922,0.0,0.0,2810.172383716482,0,0,766.1358350458557,1155.8493686129882,1013.3830690878759,1,0,0
2020,9,5,12,0,21.189999999999998,8.429865822895582,23.2430086360678,-19.45,-24.47178371281483,-9.946255919528866,130.40782601237922,0.0,0.0,2810.172383716482,0,0,749.6806796766957,1034.4792459031348,1233.9723710127314,1,0,0
2020,9,5,12,0,21.189999999999998,5.909090757072496,19.292648386037584,-18.95,-13.920393051923933,-25.874603218556818,130.40782601237922,0.0,0.0,2810.172383716482,0,0,736.6578187391295,1053.2869678910274,1028.2801767579706,1,0,0
2020,9,5,12,0,21.189999999999998,22.35907583322161,21.958838548935766,-18.45,-25.42403434894065,-9.406805979100184,130.40782601237922,0.0,0.0,2810.172383716482,0,0,727.2517582504254,1193.411138212993,1170.8861807886308,1,0,0
2020,9,5,12,0,21.189999999999998,6.173885247821741,7.113705205651122,-17.95,-8.169758185347625,-26.390767543454245,130.40782601237922,0.0,0.0,2810.172383716482,0,0,721.6040157618353,1390.6583953136505,1289.2896679801663,1,0,0
2020,9,5,12,0,21.189999999999998,20.838929378843762,6.03925873556633,-17.45,-9.841961098943834,-24.87935560335904,130.40782601237922,0.0,0.0,2810.172383716482,0,0,719.8031039724682,1055.7051896909147,1259.6648174371364,1,0,0
2020,9,5,12,0,21.189999999999998,8.158405765239067,6.244512134037997,-16.95,-8.422965589983779,-24.546799665940995,130.40782601237922,0.0,0.0,2810.172383716482,0,0,721.8778272908653,1225.6594744545625,1218.75808734863,1,0,0
2020,9,5,12,0,21.189999999999998,21.538771485917373,18.91107452625974,-16.45,-8.400145217514439,-26.458639385236484,130.40782601237922,0.0,0.0,2810.172383716482,0,0,727.7950267379881,1221.4790150857289,1064.28918164995,1,0,0
2020,9,5,12,0,21.189999999999998,23.444029343515844,7.284938486157905,-15.95,-10.312206011626998,-25.02412616244192,130.40782601237922,0.0,0.0,2810.172383716482,0,0,737.4621728067881,1227.0279141877306,1167.0831842150048,1,0,0
2020,9,5,12,0,21.189999999999998,6.644974907966906,6.071837090291715,-15.45,-22.5387408976208,-20.410021095386565,130.40782601237922,0.0,0.0,2810.172383716482,0,0,750.7343475624681,1054.527813673759,1013.5905216071711,1,0,0
2020,9,5,12,0,21.189999999999998,6.47572368597539,9.414322713559862,-14.95,-12.459754389783031,-9.577027955945422,130.40782601237922,0.0,0.0,2810.172383716482,0,0,767.4244393317191,1067.1118357516325,1040.7543143272696,1,0,0
2020,9,5,12,0,21.189999999999998,11.022912492422021,23.051384480811024,-14.45,-26.58616091400614,-25.977120652327283,130.40782601237922,0.0,0.0,2810.172383716482,0,0,787.3149943380199,1070.1637524471123,1287.777303908094,1,0,0
2020,9,5,12,0,21.189999999999998,21.64651591480419,11.124292870346672,-13.95,-10.717078864676672,-26.701285068042274,130.40782601237922,0.0,0.0,2810.172383716482,0,0,810.1701834275702,1049.5141437416457,1077.2854164478904,1,0,0
2020,9,5,12,0,21.189999999999998,23.049223354369467,7.770364564049971,-13.45,-21.111426520465045,-25.49480946253842,130.40782601237922,0.0,0.0,2810.172383716482,0,0,835.746661101564,1002.5368728479153,1167.0039060674828,1,0,0
2020,9,5,12,0,21.189999999999998,5.895028322666979,22.865322830858666,-12.95,-14.946036801873523,-12.583501004005512,130.40782601237922,0.0,0.0,2810.172383716482,0,0,863.8025583402853,1018.8955423855851,1041.5026749014155,1,0,0
2020,9,5,12,0,21.189999999999998,6.7437007076736615,23.518534341527484,-12.45,-9.585888808532431,-13.230011284257774,130.40782601237922,0.0,0.0,2810.172383716482,0,0,894.104307772684,1235.3503687616703,1074.977608794016,1,0,0
2020,9,5,12,0,21.189999999999998,23.263067975877938,18.567525914167234,-11.95,-25.64430349826542,-8.958666132968787,130.40782601237922,0.0,0.0,2810.172383716482,0,0,926.431353649623,1280.7102315064412,1002.3104548048932,1,0,0
2020,9,5,12,0,21.189999999999998,6.40776694719515,21.475201755380517,-11.45,-9.672634491752046,-9.079979419930115,130.40782601237922,0.0,0.0,2810.172383716482,0,0,960.5790178982262,1256.2684068499916,1161.6295242001077,1,0,0
